"source_folder","source_filename","figma_page","figma_section","figma_source_frame","figma_editable_frame","feature","screen","locale","state","screen_type","component_dependencies","prototype_flow","completion_status","notes"
"00-foundation","00-brand-essence-color-typography-summary.png","01 — Foundations & Variables","02 — Source Screenshots","SRC / 00-brand-essence-color-typography-summary.png","","Foundations","brand-essence-color-typography-summary","Shared","Default","Screen reference","TBD after editable reconstruction","N/A","Inventory complete — Figma import blocked by MCP plan limit","Source path: 00-foundation/00-brand-essence-color-typography-summary.png; dimensions: 1536x1024"
"00-foundation","00-brand-moodboard-ui-kit-overview.png","01 — Foundations & Variables","02 — Source Screenshots","SRC / 00-brand-moodboard-ui-kit-overview.png","","Foundations","brand-moodboard-ui-kit-overview","Shared","Default","Screen reference","TBD after editable reconstruction","N/A","Inventory complete — Figma import blocked by MCP plan limit","Source path: 00-foundation/00-brand-moodboard-ui-kit-overview.png; dimensions: 1122x1402"
"00-foundation","00-controls-form-components-icons.png","01 — Foundations & Variables","02 — Source Screenshots","SRC / 00-controls-form-components-icons.png","","Foundations","controls-form-components-icons","Shared","Default","Screen reference","TBD after editable reconstruction","N/A","Inventory complete — Figma import blocked by MCP plan limit","Source path: 00-foundation/00-controls-form-components-icons.png; dimensions: 1122x1402"
"00-foundation","00-design-system-10-section-overview.png","01 — Foundations & Variables","02 — Source Screenshots","SRC / 00-design-system-10-section-overview.png","","Foundations","design-system-10-section-overview","Shared","Default","Screen reference","TBD after editable reconstruction","N/A","Inventory complete — Figma import blocked by MCP plan limit","Source path: 00-foundation/00-design-system-10-section-overview.png; dimensions: 1536x1024"
"00-foundation","00-design-system-tokens-components-sheet.png","01 — Foundations & Variables","02 — Source Screenshots","SRC / 00-design-system-tokens-components-sheet.png","","Foundations","design-system-tokens-components-sheet","Shared","Sheet","Overlay","TBD after editable reconstruction","N/A","Inventory complete — Figma import blocked by MCP plan limit","Source path: 00-foundation/00-design-system-tokens-components-sheet.png; dimensions: 1122x1402"
"00-foundation","00-full-foundation-with-screen-previews.png","01 — Foundations & Variables","02 — Source Screenshots","SRC / 00-full-foundation-with-screen-previews.png","","Foundations","full-foundation-with-screen-previews","Shared","Default","Screen reference","TBD after editable reconstruction","N/A","Inventory complete — Figma import blocked by MCP plan limit","Source path: 00-foundation/00-full-foundation-with-screen-previews.png; dimensions: 1536x1024"
"00-foundation","00-navigation-layout-component-board.png","01 — Foundations & Variables","02 — Source Screenshots","SRC / 00-navigation-layout-component-board.png","","Foundations","navigation-layout-component-board","Shared","Default","Screen reference","TBD after editable reconstruction","N/A","Inventory complete — Figma import blocked by MCP plan limit","Source path: 00-foundation/00-navigation-layout-component-board.png; dimensions: 1122x1402"
"00-foundation","00-product-commerce-component-board.png","01 — Foundations & Variables","02 — Source Screenshots","SRC / 00-product-commerce-component-board.png","","Foundations","product-commerce-component-board","Shared","Default","Screen reference","TBD after editable reconstruction","N/A","Inventory complete — Figma import blocked by MCP plan limit","Source path: 00-foundation/00-product-commerce-component-board.png; dimensions: 1122x1402"
"00-foundation","00-ui-states-feedback-patterns.png","01 — Foundations & Variables","02 — Source Screenshots","SRC / 00-ui-states-feedback-patterns.png","","Foundations","ui-states-feedback-patterns","Shared","Default","Screen reference","TBD after editable reconstruction","N/A","Inventory complete — Figma import blocked by MCP plan limit","Source path: 00-foundation/00-ui-states-feedback-patterns.png; dimensions: 1122x1402"
"01-entry","01-language-selection-french-arabic.png","10 — Entry","02 — Source Screenshots","SRC / 01-language-selection-french-arabic.png","","Entry","language-selection-french-arabic","Shared","Default","Screen reference","TBD after editable reconstruction","Entry","Inventory complete — Figma import blocked by MCP plan limit","Source path: 01-entry/01-language-selection-french-arabic.png; dimensions: 941x1672"
"01-entry","01-loading-screen-preparing-experience.png","10 — Entry","02 — Source Screenshots","SRC / 01-loading-screen-preparing-experience.png","","Entry","loading-screen-preparing-experience","Shared","Loading","Screen state","TBD after editable reconstruction","Entry","Inventory complete — Figma import blocked by MCP plan limit","Source path: 01-entry/01-loading-screen-preparing-experience.png; dimensions: 941x1672"
"01-entry","01-onboarding-step1-discover-interior-ar.png","10 — Entry","02 — Source Screenshots","SRC / 01-onboarding-step1-discover-interior-ar.png","","Entry","onboarding-step1-discover-interior","Arabic","Default","Screen reference","TBD after editable reconstruction","Entry","Inventory complete — Figma import blocked by MCP plan limit","Source path: 01-entry/01-onboarding-step1-discover-interior-ar.png; dimensions: 941x1672"
"01-entry","01-onboarding-step1-discover-interior-fr.png","10 — Entry","02 — Source Screenshots","SRC / 01-onboarding-step1-discover-interior-fr.png","","Entry","onboarding-step1-discover-interior","French","Default","Screen reference","TBD after editable reconstruction","Entry","Inventory complete — Figma import blocked by MCP plan limit","Source path: 01-entry/01-onboarding-step1-discover-interior-fr.png; dimensions: 941x1672"
"01-entry","01-onboarding-step2-choose-with-confidence-ar.png","10 — Entry","02 — Source Screenshots","SRC / 01-onboarding-step2-choose-with-confidence-ar.png","","Entry","onboarding-step2-choose-with-confidence","Arabic","Default","Screen reference","TBD after editable reconstruction","Entry","Inventory complete — Figma import blocked by MCP plan limit","Source path: 01-entry/01-onboarding-step2-choose-with-confidence-ar.png; dimensions: 941x1672"
"01-entry","01-onboarding-step2-choose-with-confidence-fr.png","10 — Entry","02 — Source Screenshots","SRC / 01-onboarding-step2-choose-with-confidence-fr.png","","Entry","onboarding-step2-choose-with-confidence","French","Default","Screen reference","TBD after editable reconstruction","Entry","Inventory complete — Figma import blocked by MCP plan limit","Source path: 01-entry/01-onboarding-step2-choose-with-confidence-fr.png; dimensions: 941x1672"
"01-entry","01-onboarding-step3-order-simply-ar.png","10 — Entry","02 — Source Screenshots","SRC / 01-onboarding-step3-order-simply-ar.png","","Entry","onboarding-step3-order-simply","Arabic","Default","Screen reference","TBD after editable reconstruction","Entry","Inventory complete — Figma import blocked by MCP plan limit","Source path: 01-entry/01-onboarding-step3-order-simply-ar.png; dimensions: 941x1672"
"01-entry","01-onboarding-step3-order-simply-fr.png","10 — Entry","02 — Source Screenshots","SRC / 01-onboarding-step3-order-simply-fr.png","","Entry","onboarding-step3-order-simply","French","Default","Screen reference","TBD after editable reconstruction","Entry","Inventory complete — Figma import blocked by MCP plan limit","Source path: 01-entry/01-onboarding-step3-order-simply-fr.png; dimensions: 941x1672"
"01-entry","01-splash-screen-logo.png","10 — Entry","02 — Source Screenshots","SRC / 01-splash-screen-logo.png","","Entry","splash-screen-logo","Shared","Default","Screen reference","TBD after editable reconstruction","Entry","Inventory complete — Figma import blocked by MCP plan limit","Source path: 01-entry/01-splash-screen-logo.png; dimensions: 941x1672"
"02-discovery","02-categories-photo-grid-ar.png","20 — Discovery","02 — Source Screenshots","SRC / 02-categories-photo-grid-ar.png","","Discovery","categories-photo-grid","Arabic","Default","Screen reference","TBD after editable reconstruction","Discovery","Inventory complete — Figma import blocked by MCP plan limit","Source path: 02-discovery/02-categories-photo-grid-ar.png; dimensions: 941x1672"
"02-discovery","02-categories-photo-grid-fr.png","20 — Discovery","02 — Source Screenshots","SRC / 02-categories-photo-grid-fr.png","","Discovery","categories-photo-grid","French","Default","Screen reference","TBD after editable reconstruction","Discovery","Inventory complete — Figma import blocked by MCP plan limit","Source path: 02-discovery/02-categories-photo-grid-fr.png; dimensions: 941x1672"
"02-discovery","02-category-landing-living-room-ar.png","20 — Discovery","02 — Source Screenshots","SRC / 02-category-landing-living-room-ar.png","","Discovery","category-landing-living-room","Arabic","Default","Screen reference","TBD after editable reconstruction","Discovery","Inventory complete — Figma import blocked by MCP plan limit","Source path: 02-discovery/02-category-landing-living-room-ar.png; dimensions: 941x1672"
"02-discovery","02-category-landing-salon-collections-fr.png","20 — Discovery","02 — Source Screenshots","SRC / 02-category-landing-salon-collections-fr.png","","Discovery","category-landing-salon-collections","French","Default","Screen reference","TBD after editable reconstruction","Discovery","Inventory complete — Figma import blocked by MCP plan limit","Source path: 02-discovery/02-category-landing-salon-collections-fr.png; dimensions: 941x1672"
"02-discovery","02-collection-salon-contemporain-shop-the-look.png","20 — Discovery","02 — Source Screenshots","SRC / 02-collection-salon-contemporain-shop-the-look.png","","Discovery","collection-salon-contemporain-shop-the-look","Shared","Default","Screen reference","TBD after editable reconstruction","Discovery","Inventory complete — Figma import blocked by MCP plan limit","Source path: 02-discovery/02-collection-salon-contemporain-shop-the-look.png; dimensions: 941x1672"
"02-discovery","02-filter-panel-category-price-color-material.png","20 — Discovery","02 — Source Screenshots","SRC / 02-filter-panel-category-price-color-material.png","","Discovery","filter-panel-category-price-color-material","Shared","Default","Screen reference","TBD after editable reconstruction","Discovery","Inventory complete — Figma import blocked by MCP plan limit","Source path: 02-discovery/02-filter-panel-category-price-color-material.png; dimensions: 941x1672"
"02-discovery","02-flash-deals-countdown-timer.png","20 — Discovery","02 — Source Screenshots","SRC / 02-flash-deals-countdown-timer.png","","Discovery","flash-deals-countdown-timer","Shared","Default","Screen reference","TBD after editable reconstruction","Discovery","Inventory complete — Figma import blocked by MCP plan limit","Source path: 02-discovery/02-flash-deals-countdown-timer.png; dimensions: 941x1672"
"02-discovery","02-home-hero-new-arrivals-best-sellers-fr.png","20 — Discovery","02 — Source Screenshots","SRC / 02-home-hero-new-arrivals-best-sellers-fr.png","","Discovery","home-hero-new-arrivals-best-sellers","French","Default","Screen reference","TBD after editable reconstruction","Discovery","Inventory complete — Figma import blocked by MCP plan limit","Source path: 02-discovery/02-home-hero-new-arrivals-best-sellers-fr.png; dimensions: 941x1672"
"02-discovery","02-home-hero-shop-by-category-ar.png","20 — Discovery","02 — Source Screenshots","SRC / 02-home-hero-shop-by-category-ar.png","","Discovery","home-hero-shop-by-category","Arabic","Default","Screen reference","TBD after editable reconstruction","Discovery","Inventory complete — Figma import blocked by MCP plan limit","Source path: 02-discovery/02-home-hero-shop-by-category-ar.png; dimensions: 941x1672"
"02-discovery","02-home-logged-in-personalized-recommendations.png","20 — Discovery","02 — Source Screenshots","SRC / 02-home-logged-in-personalized-recommendations.png","","Discovery","home-logged-in-personalized-recommendations","Shared","Default","Screen reference","TBD after editable reconstruction","Discovery","Inventory complete — Figma import blocked by MCP plan limit","Source path: 02-discovery/02-home-logged-in-personalized-recommendations.png; dimensions: 941x1672"
"02-discovery","02-promotions-campaigns-offers.png","20 — Discovery","02 — Source Screenshots","SRC / 02-promotions-campaigns-offers.png","","Discovery","promotions-campaigns-offers","Shared","Default","Screen reference","TBD after editable reconstruction","Discovery","Inventory complete — Figma import blocked by MCP plan limit","Source path: 02-discovery/02-promotions-campaigns-offers.png; dimensions: 941x1672"
"02-discovery","02-recently-viewed-products.png","20 — Discovery","02 — Source Screenshots","SRC / 02-recently-viewed-products.png","","Discovery","recently-viewed-products","Shared","Default","Screen reference","TBD after editable reconstruction","Discovery","Inventory complete — Figma import blocked by MCP plan limit","Source path: 02-discovery/02-recently-viewed-products.png; dimensions: 941x1672"
"02-discovery","02-search-no-results-found.png","20 — Discovery","02 — Source Screenshots","SRC / 02-search-no-results-found.png","","Discovery","search-no-results-found","Shared","Default","Screen reference","TBD after editable reconstruction","Discovery","Inventory complete — Figma import blocked by MCP plan limit","Source path: 02-discovery/02-search-no-results-found.png; dimensions: 941x1672"
"02-discovery","02-search-recent-popular-trending-categories.png","20 — Discovery","02 — Source Screenshots","SRC / 02-search-recent-popular-trending-categories.png","","Discovery","search-recent-popular-trending-categories","Shared","Default","Screen reference","TBD after editable reconstruction","Discovery","Inventory complete — Figma import blocked by MCP plan limit","Source path: 02-discovery/02-search-recent-popular-trending-categories.png; dimensions: 941x1672"
"02-discovery","02-search-results-grid-fauteuil.png","20 — Discovery","02 — Source Screenshots","SRC / 02-search-results-grid-fauteuil.png","","Discovery","search-results-grid-fauteuil","Shared","Default","Screen reference","TBD after editable reconstruction","Discovery","Inventory complete — Figma import blocked by MCP plan limit","Source path: 02-discovery/02-search-results-grid-fauteuil.png; dimensions: 941x1672"
"02-discovery","02-subcategory-canapes-filtered-list.png","20 — Discovery","02 — Source Screenshots","SRC / 02-subcategory-canapes-filtered-list.png","","Discovery","subcategory-canapes-filtered-list","Shared","Default","Screen reference","TBD after editable reconstruction","Discovery","Inventory complete — Figma import blocked by MCP plan limit","Source path: 02-discovery/02-subcategory-canapes-filtered-list.png; dimensions: 941x1672"
"03-product","03-product-added-to-cart-confirmation.png","30 — Product","02 — Source Screenshots","SRC / 03-product-added-to-cart-confirmation.png","","Product","product-added-to-cart-confirmation","Shared","Confirmation","Dialog","TBD after editable reconstruction","Product","Inventory complete — Figma import blocked by MCP plan limit","Source path: 03-product/03-product-added-to-cart-confirmation.png; dimensions: 941x1672"
"03-product","03-product-customer-reviews-ratings.png","30 — Product","02 — Source Screenshots","SRC / 03-product-customer-reviews-ratings.png","","Product","product-customer-reviews-ratings","Shared","Default","Screen reference","TBD after editable reconstruction","Product","Inventory complete — Figma import blocked by MCP plan limit","Source path: 03-product/03-product-customer-reviews-ratings.png; dimensions: 941x1672"
"03-product","03-product-delivery-returns-info.png","30 — Product","02 — Source Screenshots","SRC / 03-product-delivery-returns-info.png","","Product","product-delivery-returns-info","Shared","Default","Screen reference","TBD after editable reconstruction","Product","Inventory complete — Figma import blocked by MCP plan limit","Source path: 03-product/03-product-delivery-returns-info.png; dimensions: 941x1672"
"03-product","03-product-detail-full-description-reviews-specs.png","30 — Product","02 — Source Screenshots","SRC / 03-product-detail-full-description-reviews-specs.png","","Product","product-detail-full-description-reviews-specs","Shared","Default","Screen reference","TBD after editable reconstruction","Product","Inventory complete — Figma import blocked by MCP plan limit","Source path: 03-product/03-product-detail-full-description-reviews-specs.png; dimensions: 941x1672"
"03-product","03-product-detail-image-carousel-add-to-cart.png","30 — Product","02 — Source Screenshots","SRC / 03-product-detail-image-carousel-add-to-cart.png","","Product","product-detail-image-carousel-add-to-cart","Shared","Default","Screen reference","TBD after editable reconstruction","Product","Inventory complete — Figma import blocked by MCP plan limit","Source path: 03-product/03-product-detail-image-carousel-add-to-cart.png; dimensions: 941x1672"
"03-product","03-product-gallery-zoom-thumbnails.png","30 — Product","02 — Source Screenshots","SRC / 03-product-gallery-zoom-thumbnails.png","","Product","product-gallery-zoom-thumbnails","Shared","Default","Screen reference","TBD after editable reconstruction","Product","Inventory complete — Figma import blocked by MCP plan limit","Source path: 03-product/03-product-gallery-zoom-thumbnails.png; dimensions: 941x1672"
"03-product","03-product-specifications-table.png","30 — Product","02 — Source Screenshots","SRC / 03-product-specifications-table.png","","Product","product-specifications-table","Shared","Default","Screen reference","TBD after editable reconstruction","Product","Inventory complete — Figma import blocked by MCP plan limit","Source path: 03-product/03-product-specifications-table.png; dimensions: 941x1672"
"03-product","03-product-variant-selector-color-material-size.png","30 — Product","02 — Source Screenshots","SRC / 03-product-variant-selector-color-material-size.png","","Product","product-variant-selector-color-material-size","Shared","Default","Screen reference","TBD after editable reconstruction","Product","Inventory complete — Figma import blocked by MCP plan limit","Source path: 03-product/03-product-variant-selector-color-material-size.png; dimensions: 941x1672"
"04-auth","04-account-created-success-fr.png","40 — Authentication","02 — Source Screenshots","SRC / 04-account-created-success-fr.png","","Authentication","account-created-success","French","Success","Screen state","TBD after editable reconstruction","Authentication","Inventory complete — Figma import blocked by MCP plan limit","Source path: 04-auth/04-account-created-success-fr.png; dimensions: 941x1672"
"04-auth","04-consent-terms-privacy-fr.png","40 — Authentication","02 — Source Screenshots","SRC / 04-consent-terms-privacy-fr.png","","Authentication","consent-terms-privacy","French","Default","Screen reference","TBD after editable reconstruction","Authentication","Inventory complete — Figma import blocked by MCP plan limit","Source path: 04-auth/04-consent-terms-privacy-fr.png; dimensions: 941x1672"
"04-auth","04-create-new-password-requirements-ar.png","40 — Authentication","02 — Source Screenshots","SRC / 04-create-new-password-requirements-ar.png","","Authentication","create-new-password-requirements","Arabic","Default","Screen reference","TBD after editable reconstruction","Authentication","Inventory complete — Figma import blocked by MCP plan limit","Source path: 04-auth/04-create-new-password-requirements-ar.png; dimensions: 941x1672"
"04-auth","04-create-new-password-requirements-fr.png","40 — Authentication","02 — Source Screenshots","SRC / 04-create-new-password-requirements-fr.png","","Authentication","create-new-password-requirements","French","Default","Screen reference","TBD after editable reconstruction","Authentication","Inventory complete — Figma import blocked by MCP plan limit","Source path: 04-auth/04-create-new-password-requirements-fr.png; dimensions: 941x1672"
"04-auth","04-email-verification-link-sent-fr.png","40 — Authentication","02 — Source Screenshots","SRC / 04-email-verification-link-sent-fr.png","","Authentication","email-verification-link-sent","French","Default","Screen reference","TBD after editable reconstruction","Authentication","Inventory complete — Figma import blocked by MCP plan limit","Source path: 04-auth/04-email-verification-link-sent-fr.png; dimensions: 941x1672"
"04-auth","04-forgot-password-enter-email-ar.png","40 — Authentication","02 — Source Screenshots","SRC / 04-forgot-password-enter-email-ar.png","","Authentication","forgot-password-enter-email","Arabic","Default","Screen reference","TBD after editable reconstruction","Authentication","Inventory complete — Figma import blocked by MCP plan limit","Source path: 04-auth/04-forgot-password-enter-email-ar.png; dimensions: 941x1672"
"04-auth","04-forgot-password-enter-email-fr.png","40 — Authentication","02 — Source Screenshots","SRC / 04-forgot-password-enter-email-fr.png","","Authentication","forgot-password-enter-email","French","Default","Screen reference","TBD after editable reconstruction","Authentication","Inventory complete — Figma import blocked by MCP plan limit","Source path: 04-auth/04-forgot-password-enter-email-fr.png; dimensions: 941x1672"
"04-auth","04-login-email-phone-password-ar.png","40 — Authentication","02 — Source Screenshots","SRC / 04-login-email-phone-password-ar.png","","Authentication","login-email-phone-password","Arabic","Default","Screen reference","TBD after editable reconstruction","Authentication","Inventory complete — Figma import blocked by MCP plan limit","Source path: 04-auth/04-login-email-phone-password-ar.png; dimensions: 941x1672"
"04-auth","04-login-email-phone-password-fr.png","40 — Authentication","02 — Source Screenshots","SRC / 04-login-email-phone-password-fr.png","","Authentication","login-email-phone-password","French","Default","Screen reference","TBD after editable reconstruction","Authentication","Inventory complete — Figma import blocked by MCP plan limit","Source path: 04-auth/04-login-email-phone-password-fr.png; dimensions: 941x1672"
"04-auth","04-login-error-incorrect-credentials-fr.png","40 — Authentication","02 — Source Screenshots","SRC / 04-login-error-incorrect-credentials-fr.png","","Authentication","login-error-incorrect-credentials","French","Error","Screen state","TBD after editable reconstruction","Authentication","Inventory complete — Figma import blocked by MCP plan limit","Source path: 04-auth/04-login-error-incorrect-credentials-fr.png; dimensions: 941x1672"
"04-auth","04-login-loading-state-fr.png","40 — Authentication","02 — Source Screenshots","SRC / 04-login-loading-state-fr.png","","Authentication","login-loading-state","French","Loading","Screen state","TBD after editable reconstruction","Authentication","Inventory complete — Figma import blocked by MCP plan limit","Source path: 04-auth/04-login-loading-state-fr.png; dimensions: 941x1672"
"04-auth","04-login-prompt-overlay-favorites-fr.png","40 — Authentication","02 — Source Screenshots","SRC / 04-login-prompt-overlay-favorites-fr.png","","Authentication","login-prompt-overlay-favorites","French","Overlay","Overlay","TBD after editable reconstruction","Authentication","Inventory complete — Figma import blocked by MCP plan limit","Source path: 04-auth/04-login-prompt-overlay-favorites-fr.png; dimensions: 941x1672"
"04-auth","04-login-prompt-overlay-wishlist-ar.png","40 — Authentication","02 — Source Screenshots","SRC / 04-login-prompt-overlay-wishlist-ar.png","","Authentication","login-prompt-overlay-wishlist","Arabic","Overlay","Overlay","TBD after editable reconstruction","Authentication","Inventory complete — Figma import blocked by MCP plan limit","Source path: 04-auth/04-login-prompt-overlay-wishlist-ar.png; dimensions: 941x1672"
"04-auth","04-otp-phone-verification-ar.png","40 — Authentication","02 — Source Screenshots","SRC / 04-otp-phone-verification-ar.png","","Authentication","otp-phone-verification","Arabic","Default","Screen reference","TBD after editable reconstruction","Authentication","Inventory complete — Figma import blocked by MCP plan limit","Source path: 04-auth/04-otp-phone-verification-ar.png; dimensions: 941x1672"
"04-auth","04-otp-phone-verification-fr.png","40 — Authentication","02 — Source Screenshots","SRC / 04-otp-phone-verification-fr.png","","Authentication","otp-phone-verification","French","Default","Screen reference","TBD after editable reconstruction","Authentication","Inventory complete — Figma import blocked by MCP plan limit","Source path: 04-auth/04-otp-phone-verification-fr.png; dimensions: 941x1672"
"04-auth","04-otp-verification-error-incorrect-code-fr.png","40 — Authentication","02 — Source Screenshots","SRC / 04-otp-verification-error-incorrect-code-fr.png","","Authentication","otp-verification-error-incorrect-code","French","Error","Screen state","TBD after editable reconstruction","Authentication","Inventory complete — Figma import blocked by MCP plan limit","Source path: 04-auth/04-otp-verification-error-incorrect-code-fr.png; dimensions: 941x1672"
"04-auth","04-password-changed-success-fr.png","40 — Authentication","02 — Source Screenshots","SRC / 04-password-changed-success-fr.png","","Authentication","password-changed-success","French","Success","Screen state","TBD after editable reconstruction","Authentication","Inventory complete — Figma import blocked by MCP plan limit","Source path: 04-auth/04-password-changed-success-fr.png; dimensions: 941x1672"
"04-auth","04-registration-form-ar.png","40 — Authentication","02 — Source Screenshots","SRC / 04-registration-form-ar.png","","Authentication","registration-form","Arabic","Default","Screen reference","TBD after editable reconstruction","Authentication","Inventory complete — Figma import blocked by MCP plan limit","Source path: 04-auth/04-registration-form-ar.png; dimensions: 941x1672"
"04-auth","04-registration-form-fr.png","40 — Authentication","02 — Source Screenshots","SRC / 04-registration-form-fr.png","","Authentication","registration-form","French","Default","Screen reference","TBD after editable reconstruction","Authentication","Inventory complete — Figma import blocked by MCP plan limit","Source path: 04-auth/04-registration-form-fr.png; dimensions: 941x1672"
"04-auth","04-welcome-sign-in-create-account-guest-fr.png","40 — Authentication","02 — Source Screenshots","SRC / 04-welcome-sign-in-create-account-guest-fr.png","","Authentication","welcome-sign-in-create-account-guest","French","Default","Screen reference","TBD after editable reconstruction","Authentication","Inventory complete — Figma import blocked by MCP plan limit","Source path: 04-auth/04-welcome-sign-in-create-account-guest-fr.png; dimensions: 941x1672"
"05-cart-wishlist","05-cart-empty-state-fr.png","50 — Cart & Wishlist","02 — Source Screenshots","SRC / 05-cart-empty-state-fr.png","","Cart & Wishlist","cart-empty-state","French","Empty","Screen state","TBD after editable reconstruction","Cart & Wishlist","Inventory complete — Figma import blocked by MCP plan limit","Source path: 05-cart-wishlist/05-cart-empty-state-fr.png; dimensions: 941x1672"
"05-cart-wishlist","05-cart-error-loading-state-fr.png","50 — Cart & Wishlist","02 — Source Screenshots","SRC / 05-cart-error-loading-state-fr.png","","Cart & Wishlist","cart-error-loading-state","French","Loading","Screen state","TBD after editable reconstruction","Cart & Wishlist","Inventory complete — Figma import blocked by MCP plan limit","Source path: 05-cart-wishlist/05-cart-error-loading-state-fr.png; dimensions: 941x1672"
"05-cart-wishlist","05-cart-invalid-promo-code-error-fr.png","50 — Cart & Wishlist","02 — Source Screenshots","SRC / 05-cart-invalid-promo-code-error-fr.png","","Cart & Wishlist","cart-invalid-promo-code-error","French","Error","Screen state","TBD after editable reconstruction","Cart & Wishlist","Inventory complete — Figma import blocked by MCP plan limit","Source path: 05-cart-wishlist/05-cart-invalid-promo-code-error-fr.png; dimensions: 941x1672"
"05-cart-wishlist","05-cart-items-list-ar.png","50 — Cart & Wishlist","02 — Source Screenshots","SRC / 05-cart-items-list-ar.png","","Cart & Wishlist","cart-items-list","Arabic","Default","Screen reference","TBD after editable reconstruction","Cart & Wishlist","Inventory complete — Figma import blocked by MCP plan limit","Source path: 05-cart-wishlist/05-cart-items-list-ar.png; dimensions: 941x1672"
"05-cart-wishlist","05-cart-items-promo-code-summary-fr.png","50 — Cart & Wishlist","02 — Source Screenshots","SRC / 05-cart-items-promo-code-summary-fr.png","","Cart & Wishlist","cart-items-promo-code-summary","French","Default","Screen reference","TBD after editable reconstruction","Cart & Wishlist","Inventory complete — Figma import blocked by MCP plan limit","Source path: 05-cart-wishlist/05-cart-items-promo-code-summary-fr.png; dimensions: 941x1672"
"05-cart-wishlist","05-cart-merge-guest-account-fusion-fr.png","50 — Cart & Wishlist","02 — Source Screenshots","SRC / 05-cart-merge-guest-account-fusion-fr.png","","Cart & Wishlist","cart-merge-guest-account-fusion","French","Default","Screen reference","TBD after editable reconstruction","Cart & Wishlist","Inventory complete — Figma import blocked by MCP plan limit","Source path: 05-cart-wishlist/05-cart-merge-guest-account-fusion-fr.png; dimensions: 941x1672"
"05-cart-wishlist","05-cart-modify-variant-bottom-sheet-fr.png","50 — Cart & Wishlist","02 — Source Screenshots","SRC / 05-cart-modify-variant-bottom-sheet-fr.png","","Cart & Wishlist","cart-modify-variant-bottom-sheet","French","Bottom Sheet","Overlay","TBD after editable reconstruction","Cart & Wishlist","Inventory complete — Figma import blocked by MCP plan limit","Source path: 05-cart-wishlist/05-cart-modify-variant-bottom-sheet-fr.png; dimensions: 941x1672"
"05-cart-wishlist","05-cart-multi-vendor-grouped-by-seller-fr.png","50 — Cart & Wishlist","02 — Source Screenshots","SRC / 05-cart-multi-vendor-grouped-by-seller-fr.png","","Cart & Wishlist","cart-multi-vendor-grouped-by-seller","French","Default","Screen reference","TBD after editable reconstruction","Cart & Wishlist","Inventory complete — Figma import blocked by MCP plan limit","Source path: 05-cart-wishlist/05-cart-multi-vendor-grouped-by-seller-fr.png; dimensions: 941x1672"
"05-cart-wishlist","05-cart-promo-applied-order-summary-fr.png","50 — Cart & Wishlist","02 — Source Screenshots","SRC / 05-cart-promo-applied-order-summary-fr.png","","Cart & Wishlist","cart-promo-applied-order-summary","French","Default","Screen reference","TBD after editable reconstruction","Cart & Wishlist","Inventory complete — Figma import blocked by MCP plan limit","Source path: 05-cart-wishlist/05-cart-promo-applied-order-summary-fr.png; dimensions: 941x1672"
"05-cart-wishlist","05-cart-promo-code-modal-available-offers-fr.png","50 — Cart & Wishlist","02 — Source Screenshots","SRC / 05-cart-promo-code-modal-available-offers-fr.png","","Cart & Wishlist","cart-promo-code-modal-available-offers","French","Modal","Dialog","TBD after editable reconstruction","Cart & Wishlist","Inventory complete — Figma import blocked by MCP plan limit","Source path: 05-cart-wishlist/05-cart-promo-code-modal-available-offers-fr.png; dimensions: 941x1672"
"05-cart-wishlist","05-cart-quantity-update-toast-fr.png","50 — Cart & Wishlist","02 — Source Screenshots","SRC / 05-cart-quantity-update-toast-fr.png","","Cart & Wishlist","cart-quantity-update-toast","French","Update","Screen state","TBD after editable reconstruction","Cart & Wishlist","Inventory complete — Figma import blocked by MCP plan limit","Source path: 05-cart-wishlist/05-cart-quantity-update-toast-fr.png; dimensions: 941x1672"
"05-cart-wishlist","05-cart-remove-item-confirmation-dialog-fr.png","50 — Cart & Wishlist","02 — Source Screenshots","SRC / 05-cart-remove-item-confirmation-dialog-fr.png","","Cart & Wishlist","cart-remove-item-confirmation-dialog","French","Confirmation","Dialog","TBD after editable reconstruction","Cart & Wishlist","Inventory complete — Figma import blocked by MCP plan limit","Source path: 05-cart-wishlist/05-cart-remove-item-confirmation-dialog-fr.png; dimensions: 941x1672"
"05-cart-wishlist","05-cart-skeleton-loading-state.png","50 — Cart & Wishlist","02 — Source Screenshots","SRC / 05-cart-skeleton-loading-state.png","","Cart & Wishlist","cart-skeleton-loading-state","Shared","Loading","Screen state","TBD after editable reconstruction","Cart & Wishlist","Inventory complete — Figma import blocked by MCP plan limit","Source path: 05-cart-wishlist/05-cart-skeleton-loading-state.png; dimensions: 941x1672"
"05-cart-wishlist","05-cart-update-needed-price-stock-changes-fr.png","50 — Cart & Wishlist","02 — Source Screenshots","SRC / 05-cart-update-needed-price-stock-changes-fr.png","","Cart & Wishlist","cart-update-needed-price-stock-changes","French","Update","Screen state","TBD after editable reconstruction","Cart & Wishlist","Inventory complete — Figma import blocked by MCP plan limit","Source path: 05-cart-wishlist/05-cart-update-needed-price-stock-changes-fr.png; dimensions: 941x1672"
"05-cart-wishlist","05-saved-for-later-items-list-fr.png","50 — Cart & Wishlist","02 — Source Screenshots","SRC / 05-saved-for-later-items-list-fr.png","","Cart & Wishlist","saved-for-later-items-list","French","Default","Screen reference","TBD after editable reconstruction","Cart & Wishlist","Inventory complete — Figma import blocked by MCP plan limit","Source path: 05-cart-wishlist/05-saved-for-later-items-list-fr.png; dimensions: 941x1672"
"05-cart-wishlist","05-wishlist-empty-state-fr.png","50 — Cart & Wishlist","02 — Source Screenshots","SRC / 05-wishlist-empty-state-fr.png","","Cart & Wishlist","wishlist-empty-state","French","Empty","Screen state","TBD after editable reconstruction","Cart & Wishlist","Inventory complete — Figma import blocked by MCP plan limit","Source path: 05-cart-wishlist/05-wishlist-empty-state-fr.png; dimensions: 941x1672"
"05-cart-wishlist","05-wishlist-items-grid-with-prices-fr.png","50 — Cart & Wishlist","02 — Source Screenshots","SRC / 05-wishlist-items-grid-with-prices-fr.png","","Cart & Wishlist","wishlist-items-grid-with-prices","French","Default","Screen reference","TBD after editable reconstruction","Cart & Wishlist","Inventory complete — Figma import blocked by MCP plan limit","Source path: 05-cart-wishlist/05-wishlist-items-grid-with-prices-fr.png; dimensions: 941x1672"
"05-cart-wishlist","05-wishlist-list-view-ar.png","50 — Cart & Wishlist","02 — Source Screenshots","SRC / 05-wishlist-list-view-ar.png","","Cart & Wishlist","wishlist-list-view","Arabic","Default","Screen reference","TBD after editable reconstruction","Cart & Wishlist","Inventory complete — Figma import blocked by MCP plan limit","Source path: 05-cart-wishlist/05-wishlist-list-view-ar.png; dimensions: 941x1672"
"05-cart-wishlist","05-wishlist-move-to-cart-variant-sheet-fr.png","50 — Cart & Wishlist","02 — Source Screenshots","SRC / 05-wishlist-move-to-cart-variant-sheet-fr.png","","Cart & Wishlist","wishlist-move-to-cart-variant-sheet","French","Sheet","Overlay","TBD after editable reconstruction","Cart & Wishlist","Inventory complete — Figma import blocked by MCP plan limit","Source path: 05-cart-wishlist/05-wishlist-move-to-cart-variant-sheet-fr.png; dimensions: 941x1672"
"05-cart-wishlist","05-wishlist-out-of-stock-alternatives-fr.png","50 — Cart & Wishlist","02 — Source Screenshots","SRC / 05-wishlist-out-of-stock-alternatives-fr.png","","Cart & Wishlist","wishlist-out-of-stock-alternatives","French","Out Of Stock","Screen reference","TBD after editable reconstruction","Cart & Wishlist","Inventory complete — Figma import blocked by MCP plan limit","Source path: 05-cart-wishlist/05-wishlist-out-of-stock-alternatives-fr.png; dimensions: 941x1672"
"05-cart-wishlist","05-wishlist-price-change-notifications-fr.png","50 — Cart & Wishlist","02 — Source Screenshots","SRC / 05-wishlist-price-change-notifications-fr.png","","Cart & Wishlist","wishlist-price-change-notifications","French","Default","Screen reference","TBD after editable reconstruction","Cart & Wishlist","Inventory complete — Figma import blocked by MCP plan limit","Source path: 05-cart-wishlist/05-wishlist-price-change-notifications-fr.png; dimensions: 941x1672"
"05-cart-wishlist","05-wishlist-remove-confirmation-dialog-fr.png","50 — Cart & Wishlist","02 — Source Screenshots","SRC / 05-wishlist-remove-confirmation-dialog-fr.png","","Cart & Wishlist","wishlist-remove-confirmation-dialog","French","Confirmation","Dialog","TBD after editable reconstruction","Cart & Wishlist","Inventory complete — Figma import blocked by MCP plan limit","Source path: 05-cart-wishlist/05-wishlist-remove-confirmation-dialog-fr.png; dimensions: 941x1672"
"06-checkout","06-add-address-validation-errors-fr.png","60 — Checkout","02 — Source Screenshots","SRC / 06-add-address-validation-errors-fr.png","","Checkout","add-address-validation-errors","French","Error","Screen state","TBD after editable reconstruction","Checkout","Inventory complete — Figma import blocked by MCP plan limit","Source path: 06-checkout/06-add-address-validation-errors-fr.png; dimensions: 941x1672"
"06-checkout","06-add-new-address-form-ar.png","60 — Checkout","02 — Source Screenshots","SRC / 06-add-new-address-form-ar.png","","Checkout","add-new-address-form","Arabic","Default","Screen reference","TBD after editable reconstruction","Checkout","Inventory complete — Figma import blocked by MCP plan limit","Source path: 06-checkout/06-add-new-address-form-ar.png; dimensions: 941x1672"
"06-checkout","06-add-new-address-form-fr.png","60 — Checkout","02 — Source Screenshots","SRC / 06-add-new-address-form-fr.png","","Checkout","add-new-address-form","French","Default","Screen reference","TBD after editable reconstruction","Checkout","Inventory complete — Figma import blocked by MCP plan limit","Source path: 06-checkout/06-add-new-address-form-fr.png; dimensions: 941x1672"
"06-checkout","06-add-new-address-form-v2-fr.png","60 — Checkout","02 — Source Screenshots","SRC / 06-add-new-address-form-v2-fr.png","","Checkout","add-new-address-form-v2","French","Default","Screen reference","TBD after editable reconstruction","Checkout","Inventory complete — Figma import blocked by MCP plan limit","Source path: 06-checkout/06-add-new-address-form-v2-fr.png; dimensions: 941x1672"
"06-checkout","06-cash-on-delivery-confirmation-fr.png","60 — Checkout","02 — Source Screenshots","SRC / 06-cash-on-delivery-confirmation-fr.png","","Checkout","cash-on-delivery-confirmation","French","Confirmation","Dialog","TBD after editable reconstruction","Checkout","Inventory complete — Figma import blocked by MCP plan limit","Source path: 06-checkout/06-cash-on-delivery-confirmation-fr.png; dimensions: 941x1672"
"06-checkout","06-checkout-error-loading-state-fr.png","60 — Checkout","02 — Source Screenshots","SRC / 06-checkout-error-loading-state-fr.png","","Checkout","checkout-error-loading-state","French","Loading","Screen state","TBD after editable reconstruction","Checkout","Inventory complete — Figma import blocked by MCP plan limit","Source path: 06-checkout/06-checkout-error-loading-state-fr.png; dimensions: 941x1672"
"06-checkout","06-checkout-skeleton-loading-state.png","60 — Checkout","02 — Source Screenshots","SRC / 06-checkout-skeleton-loading-state.png","","Checkout","checkout-skeleton-loading-state","Shared","Loading","Screen state","TBD after editable reconstruction","Checkout","Inventory complete — Figma import blocked by MCP plan limit","Source path: 06-checkout/06-checkout-skeleton-loading-state.png; dimensions: 941x1672"
"06-checkout","06-checkout-summary-4step-ar.png","60 — Checkout","02 — Source Screenshots","SRC / 06-checkout-summary-4step-ar.png","","Checkout","checkout-summary-4step","Arabic","Default","Screen reference","TBD after editable reconstruction","Checkout","Inventory complete — Figma import blocked by MCP plan limit","Source path: 06-checkout/06-checkout-summary-4step-ar.png; dimensions: 941x1672"
"06-checkout","06-checkout-summary-4step-overview-fr.png","60 — Checkout","02 — Source Screenshots","SRC / 06-checkout-summary-4step-overview-fr.png","","Checkout","checkout-summary-4step-overview","French","Default","Screen reference","TBD after editable reconstruction","Checkout","Inventory complete — Figma import blocked by MCP plan limit","Source path: 06-checkout/06-checkout-summary-4step-overview-fr.png; dimensions: 941x1672"
"06-checkout","06-checkout-summary-4step-overview-v2-fr.png","60 — Checkout","02 — Source Screenshots","SRC / 06-checkout-summary-4step-overview-v2-fr.png","","Checkout","checkout-summary-4step-overview-v2","French","Default","Screen reference","TBD after editable reconstruction","Checkout","Inventory complete — Figma import blocked by MCP plan limit","Source path: 06-checkout/06-checkout-summary-4step-overview-v2-fr.png; dimensions: 941x1672"
"06-checkout","06-checkout-summary-4step-v2-ar.png","60 — Checkout","02 — Source Screenshots","SRC / 06-checkout-summary-4step-v2-ar.png","","Checkout","checkout-summary-4step-v2","Arabic","Default","Screen reference","TBD after editable reconstruction","Checkout","Inventory complete — Figma import blocked by MCP plan limit","Source path: 06-checkout/06-checkout-summary-4step-v2-ar.png; dimensions: 941x1672"
"06-checkout","06-choose-address-saved-list-ar.png","60 — Checkout","02 — Source Screenshots","SRC / 06-choose-address-saved-list-ar.png","","Checkout","choose-address-saved-list","Arabic","Default","Screen reference","TBD after editable reconstruction","Checkout","Inventory complete — Figma import blocked by MCP plan limit","Source path: 06-checkout/06-choose-address-saved-list-ar.png; dimensions: 941x1672"
"06-checkout","06-choose-address-saved-list-fr.png","60 — Checkout","02 — Source Screenshots","SRC / 06-choose-address-saved-list-fr.png","","Checkout","choose-address-saved-list","French","Default","Screen reference","TBD after editable reconstruction","Checkout","Inventory complete — Figma import blocked by MCP plan limit","Source path: 06-checkout/06-choose-address-saved-list-fr.png; dimensions: 941x1672"
"06-checkout","06-choose-address-saved-list-v2-ar.png","60 — Checkout","02 — Source Screenshots","SRC / 06-choose-address-saved-list-v2-ar.png","","Checkout","choose-address-saved-list-v2","Arabic","Default","Screen reference","TBD after editable reconstruction","Checkout","Inventory complete — Figma import blocked by MCP plan limit","Source path: 06-checkout/06-choose-address-saved-list-v2-ar.png; dimensions: 941x1672"
"06-checkout","06-choose-address-saved-list-v2-fr.png","60 — Checkout","02 — Source Screenshots","SRC / 06-choose-address-saved-list-v2-fr.png","","Checkout","choose-address-saved-list-v2","French","Default","Screen reference","TBD after editable reconstruction","Checkout","Inventory complete — Figma import blocked by MCP plan limit","Source path: 06-checkout/06-choose-address-saved-list-v2-fr.png; dimensions: 941x1672"
"06-checkout","06-choose-delivery-standard-express-relay-ar.png","60 — Checkout","02 — Source Screenshots","SRC / 06-choose-delivery-standard-express-relay-ar.png","","Checkout","choose-delivery-standard-express-relay","Arabic","Default","Screen reference","TBD after editable reconstruction","Checkout","Inventory complete — Figma import blocked by MCP plan limit","Source path: 06-checkout/06-choose-delivery-standard-express-relay-ar.png; dimensions: 941x1672"
"06-checkout","06-choose-delivery-standard-express-relay-fr.png","60 — Checkout","02 — Source Screenshots","SRC / 06-choose-delivery-standard-express-relay-fr.png","","Checkout","choose-delivery-standard-express-relay","French","Default","Screen reference","TBD after editable reconstruction","Checkout","Inventory complete — Figma import blocked by MCP plan limit","Source path: 06-checkout/06-choose-delivery-standard-express-relay-fr.png; dimensions: 941x1672"
"06-checkout","06-choose-delivery-standard-express-relay-v2-fr.png","60 — Checkout","02 — Source Screenshots","SRC / 06-choose-delivery-standard-express-relay-v2-fr.png","","Checkout","choose-delivery-standard-express-relay-v2","French","Default","Screen reference","TBD after editable reconstruction","Checkout","Inventory complete — Figma import blocked by MCP plan limit","Source path: 06-checkout/06-choose-delivery-standard-express-relay-v2-fr.png; dimensions: 941x1672"
"06-checkout","06-choose-payment-cmi-cod-wallet-ar.png","60 — Checkout","02 — Source Screenshots","SRC / 06-choose-payment-cmi-cod-wallet-ar.png","","Checkout","choose-payment-cmi-cod-wallet","Arabic","Default","Screen reference","TBD after editable reconstruction","Checkout","Inventory complete — Figma import blocked by MCP plan limit","Source path: 06-checkout/06-choose-payment-cmi-cod-wallet-ar.png; dimensions: 941x1672"
"06-checkout","06-choose-payment-cmi-cod-wallet-fr.png","60 — Checkout","02 — Source Screenshots","SRC / 06-choose-payment-cmi-cod-wallet-fr.png","","Checkout","choose-payment-cmi-cod-wallet","French","Default","Screen reference","TBD after editable reconstruction","Checkout","Inventory complete — Figma import blocked by MCP plan limit","Source path: 06-checkout/06-choose-payment-cmi-cod-wallet-fr.png; dimensions: 941x1672"
"06-checkout","06-choose-payment-cmi-cod-wallet-v2-fr.png","60 — Checkout","02 — Source Screenshots","SRC / 06-choose-payment-cmi-cod-wallet-v2-fr.png","","Checkout","choose-payment-cmi-cod-wallet-v2","French","Default","Screen reference","TBD after editable reconstruction","Checkout","Inventory complete — Figma import blocked by MCP plan limit","Source path: 06-checkout/06-choose-payment-cmi-cod-wallet-v2-fr.png; dimensions: 941x1672"
"06-checkout","06-city-selector-list-fr.png","60 — Checkout","02 — Source Screenshots","SRC / 06-city-selector-list-fr.png","","Checkout","city-selector-list","French","Default","Screen reference","TBD after editable reconstruction","Checkout","Inventory complete — Figma import blocked by MCP plan limit","Source path: 06-checkout/06-city-selector-list-fr.png; dimensions: 941x1672"
"06-checkout","06-delivery-by-vendor-multi-seller-fr.png","60 — Checkout","02 — Source Screenshots","SRC / 06-delivery-by-vendor-multi-seller-fr.png","","Checkout","delivery-by-vendor-multi-seller","French","Default","Screen reference","TBD after editable reconstruction","Checkout","Inventory complete — Figma import blocked by MCP plan limit","Source path: 06-checkout/06-delivery-by-vendor-multi-seller-fr.png; dimensions: 941x1672"
"06-checkout","06-delivery-unavailable-address-error-fr.png","60 — Checkout","02 — Source Screenshots","SRC / 06-delivery-unavailable-address-error-fr.png","","Checkout","delivery-unavailable-address-error","French","Error","Screen state","TBD after editable reconstruction","Checkout","Inventory complete — Figma import blocked by MCP plan limit","Source path: 06-checkout/06-delivery-unavailable-address-error-fr.png; dimensions: 941x1672"
"06-checkout","06-delivery-zone-selector-fr.png","60 — Checkout","02 — Source Screenshots","SRC / 06-delivery-zone-selector-fr.png","","Checkout","delivery-zone-selector","French","Default","Screen reference","TBD after editable reconstruction","Checkout","Inventory complete — Figma import blocked by MCP plan limit","Source path: 06-checkout/06-delivery-zone-selector-fr.png; dimensions: 941x1672"
"06-checkout","06-edit-address-form-fr.png","60 — Checkout","02 — Source Screenshots","SRC / 06-edit-address-form-fr.png","","Checkout","edit-address-form","French","Default","Screen reference","TBD after editable reconstruction","Checkout","Inventory complete — Figma import blocked by MCP plan limit","Source path: 06-checkout/06-edit-address-form-fr.png; dimensions: 941x1672"
"06-checkout","06-no-address-saved-empty-state-fr.png","60 — Checkout","02 — Source Screenshots","SRC / 06-no-address-saved-empty-state-fr.png","","Checkout","no-address-saved-empty-state","French","Empty","Screen state","TBD after editable reconstruction","Checkout","Inventory complete — Figma import blocked by MCP plan limit","Source path: 06-checkout/06-no-address-saved-empty-state-fr.png; dimensions: 941x1672"
"06-checkout","06-no-address-saved-empty-state-v2-fr.png","60 — Checkout","02 — Source Screenshots","SRC / 06-no-address-saved-empty-state-v2-fr.png","","Checkout","no-address-saved-empty-state-v2","French","Empty","Screen state","TBD after editable reconstruction","Checkout","Inventory complete — Figma import blocked by MCP plan limit","Source path: 06-checkout/06-no-address-saved-empty-state-v2-fr.png; dimensions: 941x1672"
"06-checkout","06-order-already-in-progress-duplicate-check-fr.png","60 — Checkout","02 — Source Screenshots","SRC / 06-order-already-in-progress-duplicate-check-fr.png","","Checkout","order-already-in-progress-duplicate-check","French","Default","Screen reference","TBD after editable reconstruction","Checkout","Inventory complete — Figma import blocked by MCP plan limit","Source path: 06-checkout/06-order-already-in-progress-duplicate-check-fr.png; dimensions: 941x1672"
"06-checkout","06-order-needs-update-price-stock-changes-fr.png","60 — Checkout","02 — Source Screenshots","SRC / 06-order-needs-update-price-stock-changes-fr.png","","Checkout","order-needs-update-price-stock-changes","French","Update","Screen state","TBD after editable reconstruction","Checkout","Inventory complete — Figma import blocked by MCP plan limit","Source path: 06-checkout/06-order-needs-update-price-stock-changes-fr.png; dimensions: 941x1672"
"06-checkout","06-order-processing-loading-state-fr.png","60 — Checkout","02 — Source Screenshots","SRC / 06-order-processing-loading-state-fr.png","","Checkout","order-processing-loading-state","French","Loading","Screen state","TBD after editable reconstruction","Checkout","Inventory complete — Figma import blocked by MCP plan limit","Source path: 06-checkout/06-order-processing-loading-state-fr.png; dimensions: 941x1672"
"06-checkout","06-order-review-confirm-ar.png","60 — Checkout","02 — Source Screenshots","SRC / 06-order-review-confirm-ar.png","","Checkout","order-review-confirm","Arabic","Default","Screen reference","TBD after editable reconstruction","Checkout","Inventory complete — Figma import blocked by MCP plan limit","Source path: 06-checkout/06-order-review-confirm-ar.png; dimensions: 941x1672"
"06-checkout","06-order-review-confirm-multi-vendor-fr.png","60 — Checkout","02 — Source Screenshots","SRC / 06-order-review-confirm-multi-vendor-fr.png","","Checkout","order-review-confirm-multi-vendor","French","Default","Screen reference","TBD after editable reconstruction","Checkout","Inventory complete — Figma import blocked by MCP plan limit","Source path: 06-checkout/06-order-review-confirm-multi-vendor-fr.png; dimensions: 941x1672"
"06-checkout","06-order-review-confirm-multi-vendor-v2-fr.png","60 — Checkout","02 — Source Screenshots","SRC / 06-order-review-confirm-multi-vendor-v2-fr.png","","Checkout","order-review-confirm-multi-vendor-v2","French","Default","Screen reference","TBD after editable reconstruction","Checkout","Inventory complete — Figma import blocked by MCP plan limit","Source path: 06-checkout/06-order-review-confirm-multi-vendor-v2-fr.png; dimensions: 941x1672"
"06-checkout","06-order-thank-you-confirmation-ar.png","60 — Checkout","02 — Source Screenshots","SRC / 06-order-thank-you-confirmation-ar.png","","Checkout","order-thank-you-confirmation","Arabic","Confirmation","Dialog","TBD after editable reconstruction","Checkout","Inventory complete — Figma import blocked by MCP plan limit","Source path: 06-checkout/06-order-thank-you-confirmation-ar.png; dimensions: 941x1672"
"06-checkout","06-order-thank-you-confirmation-summary-fr.png","60 — Checkout","02 — Source Screenshots","SRC / 06-order-thank-you-confirmation-summary-fr.png","","Checkout","order-thank-you-confirmation-summary","French","Confirmation","Dialog","TBD after editable reconstruction","Checkout","Inventory complete — Figma import blocked by MCP plan limit","Source path: 06-checkout/06-order-thank-you-confirmation-summary-fr.png; dimensions: 941x1672"
"06-checkout","06-order-thank-you-confirmation-summary-v2-fr.png","60 — Checkout","02 — Source Screenshots","SRC / 06-order-thank-you-confirmation-summary-v2-fr.png","","Checkout","order-thank-you-confirmation-summary-v2","French","Confirmation","Dialog","TBD after editable reconstruction","Checkout","Inventory complete — Figma import blocked by MCP plan limit","Source path: 06-checkout/06-order-thank-you-confirmation-summary-v2-fr.png; dimensions: 941x1672"
"06-checkout","06-payment-cancelled-resume-fr.png","60 — Checkout","02 — Source Screenshots","SRC / 06-payment-cancelled-resume-fr.png","","Checkout","payment-cancelled-resume","French","Cancelled","Screen reference","TBD after editable reconstruction","Checkout","Inventory complete — Figma import blocked by MCP plan limit","Source path: 06-checkout/06-payment-cancelled-resume-fr.png; dimensions: 941x1672"
"06-checkout","06-payment-confirmation-taking-longer-fr.png","60 — Checkout","02 — Source Screenshots","SRC / 06-payment-confirmation-taking-longer-fr.png","","Checkout","payment-confirmation-taking-longer","French","Confirmation","Dialog","TBD after editable reconstruction","Checkout","Inventory complete — Figma import blocked by MCP plan limit","Source path: 06-checkout/06-payment-confirmation-taking-longer-fr.png; dimensions: 941x1672"
"06-checkout","06-payment-confirmed-success-fr.png","60 — Checkout","02 — Source Screenshots","SRC / 06-payment-confirmed-success-fr.png","","Checkout","payment-confirmed-success","French","Success","Screen state","TBD after editable reconstruction","Checkout","Inventory complete — Figma import blocked by MCP plan limit","Source path: 06-checkout/06-payment-confirmed-success-fr.png; dimensions: 941x1672"
"06-checkout","06-payment-confirmed-success-v2-fr.png","60 — Checkout","02 — Source Screenshots","SRC / 06-payment-confirmed-success-v2-fr.png","","Checkout","payment-confirmed-success-v2","French","Success","Screen state","TBD after editable reconstruction","Checkout","Inventory complete — Figma import blocked by MCP plan limit","Source path: 06-checkout/06-payment-confirmed-success-v2-fr.png; dimensions: 941x1672"
"06-checkout","06-payment-failed-retry-fr.png","60 — Checkout","02 — Source Screenshots","SRC / 06-payment-failed-retry-fr.png","","Checkout","payment-failed-retry","French","Failed","Screen reference","TBD after editable reconstruction","Checkout","Inventory complete — Figma import blocked by MCP plan limit","Source path: 06-checkout/06-payment-failed-retry-fr.png; dimensions: 941x1672"
"06-checkout","06-payment-pending-confirmation-fr.png","60 — Checkout","02 — Source Screenshots","SRC / 06-payment-pending-confirmation-fr.png","","Checkout","payment-pending-confirmation","French","Confirmation","Dialog","TBD after editable reconstruction","Checkout","Inventory complete — Figma import blocked by MCP plan limit","Source path: 06-checkout/06-payment-pending-confirmation-fr.png; dimensions: 941x1672"
"06-checkout","06-payment-step-intro-step3-fr.png","60 — Checkout","02 — Source Screenshots","SRC / 06-payment-step-intro-step3-fr.png","","Checkout","payment-step-intro-step3","French","Default","Screen reference","TBD after editable reconstruction","Checkout","Inventory complete — Figma import blocked by MCP plan limit","Source path: 06-checkout/06-payment-step-intro-step3-fr.png; dimensions: 941x1672"
"06-checkout","06-payment-step-intro-step3-v2-fr.png","60 — Checkout","02 — Source Screenshots","SRC / 06-payment-step-intro-step3-v2-fr.png","","Checkout","payment-step-intro-step3-v2","French","Default","Screen reference","TBD after editable reconstruction","Checkout","Inventory complete — Figma import blocked by MCP plan limit","Source path: 06-checkout/06-payment-step-intro-step3-v2-fr.png; dimensions: 941x1672"
"06-checkout","06-payment-verification-processing-fr.png","60 — Checkout","02 — Source Screenshots","SRC / 06-payment-verification-processing-fr.png","","Checkout","payment-verification-processing","French","Processing","Screen reference","TBD after editable reconstruction","Checkout","Inventory complete — Figma import blocked by MCP plan limit","Source path: 06-checkout/06-payment-verification-processing-fr.png; dimensions: 941x1672"
"06-checkout","06-pay-with-wallet-balance-fr.png","60 — Checkout","02 — Source Screenshots","SRC / 06-pay-with-wallet-balance-fr.png","","Checkout","pay-with-wallet-balance","French","Default","Screen reference","TBD after editable reconstruction","Checkout","Inventory complete — Figma import blocked by MCP plan limit","Source path: 06-checkout/06-pay-with-wallet-balance-fr.png; dimensions: 941x1672"
"06-checkout","06-saved-payment-cards-visa-mastercard-fr.png","60 — Checkout","02 — Source Screenshots","SRC / 06-saved-payment-cards-visa-mastercard-fr.png","","Checkout","saved-payment-cards-visa-mastercard","French","Default","Screen reference","TBD after editable reconstruction","Checkout","Inventory complete — Figma import blocked by MCP plan limit","Source path: 06-checkout/06-saved-payment-cards-visa-mastercard-fr.png; dimensions: 941x1672"
"06-checkout","06-secure-payment-redirect-fr.png","60 — Checkout","02 — Source Screenshots","SRC / 06-secure-payment-redirect-fr.png","","Checkout","secure-payment-redirect","French","Default","Screen reference","TBD after editable reconstruction","Checkout","Inventory complete — Figma import blocked by MCP plan limit","Source path: 06-checkout/06-secure-payment-redirect-fr.png; dimensions: 941x1672"
"06-checkout","06-secure-payment-redirect-loading-fr.png","60 — Checkout","02 — Source Screenshots","SRC / 06-secure-payment-redirect-loading-fr.png","","Checkout","secure-payment-redirect-loading","French","Loading","Screen state","TBD after editable reconstruction","Checkout","Inventory complete — Figma import blocked by MCP plan limit","Source path: 06-checkout/06-secure-payment-redirect-loading-fr.png; dimensions: 941x1672"
"06-checkout","06-secure-payment-redirect-v2-fr.png","60 — Checkout","02 — Source Screenshots","SRC / 06-secure-payment-redirect-v2-fr.png","","Checkout","secure-payment-redirect-v2","French","Default","Screen reference","TBD after editable reconstruction","Checkout","Inventory complete — Figma import blocked by MCP plan limit","Source path: 06-checkout/06-secure-payment-redirect-v2-fr.png; dimensions: 941x1672"
"06-checkout","06-terms-conditions-confirmation-fr.png","60 — Checkout","02 — Source Screenshots","SRC / 06-terms-conditions-confirmation-fr.png","","Checkout","terms-conditions-confirmation","French","Confirmation","Dialog","TBD after editable reconstruction","Checkout","Inventory complete — Figma import blocked by MCP plan limit","Source path: 06-checkout/06-terms-conditions-confirmation-fr.png; dimensions: 941x1672"
"07-orders","07-cancellation-request-registered-fr.png","70 — Orders","02 — Source Screenshots","SRC / 07-cancellation-request-registered-fr.png","","Orders","cancellation-request-registered","French","Default","Screen reference","TBD after editable reconstruction","Orders","Inventory complete — Figma import blocked by MCP plan limit","Source path: 07-orders/07-cancellation-request-registered-fr.png; dimensions: 941x1672"
"07-orders","07-cancel-order-confirmation-dialog-fr.png","70 — Orders","02 — Source Screenshots","SRC / 07-cancel-order-confirmation-dialog-fr.png","","Orders","cancel-order-confirmation-dialog","French","Confirmation","Dialog","TBD after editable reconstruction","Orders","Inventory complete — Figma import blocked by MCP plan limit","Source path: 07-orders/07-cancel-order-confirmation-dialog-fr.png; dimensions: 941x1672"
"07-orders","07-cancel-order-reason-form-fr.png","70 — Orders","02 — Source Screenshots","SRC / 07-cancel-order-reason-form-fr.png","","Orders","cancel-order-reason-form","French","Default","Screen reference","TBD after editable reconstruction","Orders","Inventory complete — Figma import blocked by MCP plan limit","Source path: 07-orders/07-cancel-order-reason-form-fr.png; dimensions: 941x1672"
"07-orders","07-delivery-delayed-notification-fr.png","70 — Orders","02 — Source Screenshots","SRC / 07-delivery-delayed-notification-fr.png","","Orders","delivery-delayed-notification","French","Default","Screen reference","TBD after editable reconstruction","Orders","Inventory complete — Figma import blocked by MCP plan limit","Source path: 07-orders/07-delivery-delayed-notification-fr.png; dimensions: 941x1672"
"07-orders","07-delivery-failed-reschedule-fr.png","70 — Orders","02 — Source Screenshots","SRC / 07-delivery-failed-reschedule-fr.png","","Orders","delivery-failed-reschedule","French","Failed","Screen reference","TBD after editable reconstruction","Orders","Inventory complete — Figma import blocked by MCP plan limit","Source path: 07-orders/07-delivery-failed-reschedule-fr.png; dimensions: 941x1672"
"07-orders","07-invoice-detail-download-share-fr.png","70 — Orders","02 — Source Screenshots","SRC / 07-invoice-detail-download-share-fr.png","","Orders","invoice-detail-download-share","French","Default","Screen reference","TBD after editable reconstruction","Orders","Inventory complete — Figma import blocked by MCP plan limit","Source path: 07-orders/07-invoice-detail-download-share-fr.png; dimensions: 941x1672"
"07-orders","07-multiple-packages-split-shipment-fr.png","70 — Orders","02 — Source Screenshots","SRC / 07-multiple-packages-split-shipment-fr.png","","Orders","multiple-packages-split-shipment","French","Default","Screen reference","TBD after editable reconstruction","Orders","Inventory complete — Figma import blocked by MCP plan limit","Source path: 07-orders/07-multiple-packages-split-shipment-fr.png; dimensions: 941x1672"
"07-orders","07-order-cannot-be-cancelled-fr.png","70 — Orders","02 — Source Screenshots","SRC / 07-order-cannot-be-cancelled-fr.png","","Orders","order-cannot-be-cancelled","French","Cancelled","Screen reference","TBD after editable reconstruction","Orders","Inventory complete — Figma import blocked by MCP plan limit","Source path: 07-orders/07-order-cannot-be-cancelled-fr.png; dimensions: 941x1672"
"07-orders","07-order-detail-ar.png","70 — Orders","02 — Source Screenshots","SRC / 07-order-detail-ar.png","","Orders","order-detail","Arabic","Default","Screen reference","TBD after editable reconstruction","Orders","Inventory complete — Figma import blocked by MCP plan limit","Source path: 07-orders/07-order-detail-ar.png; dimensions: 941x1672"
"07-orders","07-order-detail-delivered-actions-fr.png","70 — Orders","02 — Source Screenshots","SRC / 07-order-detail-delivered-actions-fr.png","","Orders","order-detail-delivered-actions","French","Default","Screen reference","TBD after editable reconstruction","Orders","Inventory complete — Figma import blocked by MCP plan limit","Source path: 07-orders/07-order-detail-delivered-actions-fr.png; dimensions: 941x1672"
"07-orders","07-order-detail-in-preparation-timeline-fr.png","70 — Orders","02 — Source Screenshots","SRC / 07-order-detail-in-preparation-timeline-fr.png","","Orders","order-detail-in-preparation-timeline","French","Default","Screen reference","TBD after editable reconstruction","Orders","Inventory complete — Figma import blocked by MCP plan limit","Source path: 07-orders/07-order-detail-in-preparation-timeline-fr.png; dimensions: 941x1672"
"07-orders","07-order-detail-multi-vendor-packages-fr.png","70 — Orders","02 — Source Screenshots","SRC / 07-order-detail-multi-vendor-packages-fr.png","","Orders","order-detail-multi-vendor-packages","French","Default","Screen reference","TBD after editable reconstruction","Orders","Inventory complete — Figma import blocked by MCP plan limit","Source path: 07-orders/07-order-detail-multi-vendor-packages-fr.png; dimensions: 941x1672"
"07-orders","07-order-detail-shipped-tracking-fr.png","70 — Orders","02 — Source Screenshots","SRC / 07-order-detail-shipped-tracking-fr.png","","Orders","order-detail-shipped-tracking","French","Default","Screen reference","TBD after editable reconstruction","Orders","Inventory complete — Figma import blocked by MCP plan limit","Source path: 07-orders/07-order-detail-shipped-tracking-fr.png; dimensions: 941x1672"
"07-orders","07-order-detail-skeleton-loading-state.png","70 — Orders","02 — Source Screenshots","SRC / 07-order-detail-skeleton-loading-state.png","","Orders","order-detail-skeleton-loading-state","Shared","Loading","Screen state","TBD after editable reconstruction","Orders","Inventory complete — Figma import blocked by MCP plan limit","Source path: 07-orders/07-order-detail-skeleton-loading-state.png; dimensions: 941x1672"
"07-orders","07-order-not-found-error-fr.png","70 — Orders","02 — Source Screenshots","SRC / 07-order-not-found-error-fr.png","","Orders","order-not-found-error","French","Error","Screen state","TBD after editable reconstruction","Orders","Inventory complete — Figma import blocked by MCP plan limit","Source path: 07-orders/07-order-not-found-error-fr.png; dimensions: 941x1672"
"07-orders","07-orders-cancelled-tab-refund-statuses-fr.png","70 — Orders","02 — Source Screenshots","SRC / 07-orders-cancelled-tab-refund-statuses-fr.png","","Orders","orders-cancelled-tab-refund-statuses","French","Cancelled","Screen reference","TBD after editable reconstruction","Orders","Inventory complete — Figma import blocked by MCP plan limit","Source path: 07-orders/07-orders-cancelled-tab-refund-statuses-fr.png; dimensions: 941x1672"
"07-orders","07-orders-completed-tab-reorder-review-fr.png","70 — Orders","02 — Source Screenshots","SRC / 07-orders-completed-tab-reorder-review-fr.png","","Orders","orders-completed-tab-reorder-review","French","Default","Screen reference","TBD after editable reconstruction","Orders","Inventory complete — Figma import blocked by MCP plan limit","Source path: 07-orders/07-orders-completed-tab-reorder-review-fr.png; dimensions: 941x1672"
"07-orders","07-orders-empty-state-fr.png","70 — Orders","02 — Source Screenshots","SRC / 07-orders-empty-state-fr.png","","Orders","orders-empty-state","French","Empty","Screen state","TBD after editable reconstruction","Orders","Inventory complete — Figma import blocked by MCP plan limit","Source path: 07-orders/07-orders-empty-state-fr.png; dimensions: 941x1672"
"07-orders","07-orders-error-loading-state-fr.png","70 — Orders","02 — Source Screenshots","SRC / 07-orders-error-loading-state-fr.png","","Orders","orders-error-loading-state","French","Loading","Screen state","TBD after editable reconstruction","Orders","Inventory complete — Figma import blocked by MCP plan limit","Source path: 07-orders/07-orders-error-loading-state-fr.png; dimensions: 941x1672"
"07-orders","07-orders-in-progress-tab-statuses-fr.png","70 — Orders","02 — Source Screenshots","SRC / 07-orders-in-progress-tab-statuses-fr.png","","Orders","orders-in-progress-tab-statuses","French","Default","Screen reference","TBD after editable reconstruction","Orders","Inventory complete — Figma import blocked by MCP plan limit","Source path: 07-orders/07-orders-in-progress-tab-statuses-fr.png; dimensions: 941x1672"
"07-orders","07-orders-list-all-tabs-ar.png","70 — Orders","02 — Source Screenshots","SRC / 07-orders-list-all-tabs-ar.png","","Orders","orders-list-all-tabs","Arabic","Default","Screen reference","TBD after editable reconstruction","Orders","Inventory complete — Figma import blocked by MCP plan limit","Source path: 07-orders/07-orders-list-all-tabs-ar.png; dimensions: 941x1672"
"07-orders","07-orders-list-all-tabs-fr.png","70 — Orders","02 — Source Screenshots","SRC / 07-orders-list-all-tabs-fr.png","","Orders","orders-list-all-tabs","French","Default","Screen reference","TBD after editable reconstruction","Orders","Inventory complete — Figma import blocked by MCP plan limit","Source path: 07-orders/07-orders-list-all-tabs-fr.png; dimensions: 941x1672"
"07-orders","07-orders-skeleton-loading-state.png","70 — Orders","02 — Source Screenshots","SRC / 07-orders-skeleton-loading-state.png","","Orders","orders-skeleton-loading-state","Shared","Loading","Screen state","TBD after editable reconstruction","Orders","Inventory complete — Figma import blocked by MCP plan limit","Source path: 07-orders/07-orders-skeleton-loading-state.png; dimensions: 941x1672"
"07-orders","07-order-tracking-timeline-ar.png","70 — Orders","02 — Source Screenshots","SRC / 07-order-tracking-timeline-ar.png","","Orders","order-tracking-timeline","Arabic","Default","Screen reference","TBD after editable reconstruction","Orders","Inventory complete — Figma import blocked by MCP plan limit","Source path: 07-orders/07-order-tracking-timeline-ar.png; dimensions: 941x1672"
"07-orders","07-order-tracking-timeline-realtime-fr.png","70 — Orders","02 — Source Screenshots","SRC / 07-order-tracking-timeline-realtime-fr.png","","Orders","order-tracking-timeline-realtime","French","Default","Screen reference","TBD after editable reconstruction","Orders","Inventory complete — Figma import blocked by MCP plan limit","Source path: 07-orders/07-order-tracking-timeline-realtime-fr.png; dimensions: 941x1672"
"07-orders","07-package-detail-items-shipping-info-fr.png","70 — Orders","02 — Source Screenshots","SRC / 07-package-detail-items-shipping-info-fr.png","","Orders","package-detail-items-shipping-info","French","Default","Screen reference","TBD after editable reconstruction","Orders","Inventory complete — Figma import blocked by MCP plan limit","Source path: 07-orders/07-package-detail-items-shipping-info-fr.png; dimensions: 941x1672"
"07-orders","07-rate-order-review-products-fr.png","70 — Orders","02 — Source Screenshots","SRC / 07-rate-order-review-products-fr.png","","Orders","rate-order-review-products","French","Default","Screen reference","TBD after editable reconstruction","Orders","Inventory complete — Figma import blocked by MCP plan limit","Source path: 07-orders/07-rate-order-review-products-fr.png; dimensions: 941x1672"
"07-orders","07-refund-completed-success-fr.png","70 — Orders","02 — Source Screenshots","SRC / 07-refund-completed-success-fr.png","","Orders","refund-completed-success","French","Success","Screen state","TBD after editable reconstruction","Orders","Inventory complete — Figma import blocked by MCP plan limit","Source path: 07-orders/07-refund-completed-success-fr.png; dimensions: 941x1672"
"07-orders","07-reorder-articles-changed-unavailable-fr.png","70 — Orders","02 — Source Screenshots","SRC / 07-reorder-articles-changed-unavailable-fr.png","","Orders","reorder-articles-changed-unavailable","French","Unavailable","Screen state","TBD after editable reconstruction","Orders","Inventory complete — Figma import blocked by MCP plan limit","Source path: 07-orders/07-reorder-articles-changed-unavailable-fr.png; dimensions: 941x1672"
"07-orders","07-reorder-items-added-to-cart-fr.png","70 — Orders","02 — Source Screenshots","SRC / 07-reorder-items-added-to-cart-fr.png","","Orders","reorder-items-added-to-cart","French","Default","Screen reference","TBD after editable reconstruction","Orders","Inventory complete — Figma import blocked by MCP plan limit","Source path: 07-orders/07-reorder-items-added-to-cart-fr.png; dimensions: 941x1672"
"07-orders","07-reorder-with-availability-changes-fr.png","70 — Orders","02 — Source Screenshots","SRC / 07-reorder-with-availability-changes-fr.png","","Orders","reorder-with-availability-changes","French","Default","Screen reference","TBD after editable reconstruction","Orders","Inventory complete — Figma import blocked by MCP plan limit","Source path: 07-orders/07-reorder-with-availability-changes-fr.png; dimensions: 941x1672"
"07-orders","07-request-refund-cancelled-order-fr.png","70 — Orders","02 — Source Screenshots","SRC / 07-request-refund-cancelled-order-fr.png","","Orders","request-refund-cancelled-order","French","Cancelled","Screen reference","TBD after editable reconstruction","Orders","Inventory complete — Figma import blocked by MCP plan limit","Source path: 07-orders/07-request-refund-cancelled-order-fr.png; dimensions: 941x1672"
"07-orders","07-request-return-item-selection-fr.png","70 — Orders","02 — Source Screenshots","SRC / 07-request-return-item-selection-fr.png","","Orders","request-return-item-selection","French","Default","Screen reference","TBD after editable reconstruction","Orders","Inventory complete — Figma import blocked by MCP plan limit","Source path: 07-orders/07-request-return-item-selection-fr.png; dimensions: 941x1672"
"07-orders","07-return-detail-items-refund-status-fr.png","70 — Orders","02 — Source Screenshots","SRC / 07-return-detail-items-refund-status-fr.png","","Orders","return-detail-items-refund-status","French","Default","Screen reference","TBD after editable reconstruction","Orders","Inventory complete — Figma import blocked by MCP plan limit","Source path: 07-orders/07-return-detail-items-refund-status-fr.png; dimensions: 941x1672"
"07-orders","07-return-tracking-timeline-fr.png","70 — Orders","02 — Source Screenshots","SRC / 07-return-tracking-timeline-fr.png","","Orders","return-tracking-timeline","French","Default","Screen reference","TBD after editable reconstruction","Orders","Inventory complete — Figma import blocked by MCP plan limit","Source path: 07-orders/07-return-tracking-timeline-fr.png; dimensions: 941x1672"
"07-orders","07-support-order-contact-form-fr.png","70 — Orders","02 — Source Screenshots","SRC / 07-support-order-contact-form-fr.png","","Orders","support-order-contact-form","French","Default","Screen reference","TBD after editable reconstruction","Orders","Inventory complete — Figma import blocked by MCP plan limit","Source path: 07-orders/07-support-order-contact-form-fr.png; dimensions: 941x1672"
"07-orders","07-tracking-unavailable-in-preparation-fr.png","70 — Orders","02 — Source Screenshots","SRC / 07-tracking-unavailable-in-preparation-fr.png","","Orders","tracking-unavailable-in-preparation","French","Unavailable","Screen state","TBD after editable reconstruction","Orders","Inventory complete — Figma import blocked by MCP plan limit","Source path: 07-orders/07-tracking-unavailable-in-preparation-fr.png; dimensions: 941x1672"
"08-account","08-account-dashboard-profile-menu-ar.png","80 — Account","02 — Source Screenshots","SRC / 08-account-dashboard-profile-menu-ar.png","","Account","account-dashboard-profile-menu","Arabic","Default","Screen reference","TBD after editable reconstruction","Account","Inventory complete — Figma import blocked by MCP plan limit","Source path: 08-account/08-account-dashboard-profile-menu-ar.png; dimensions: 941x1672"
"08-account","08-account-dashboard-profile-menu-fr.png","80 — Account","02 — Source Screenshots","SRC / 08-account-dashboard-profile-menu-fr.png","","Account","account-dashboard-profile-menu","French","Default","Screen reference","TBD after editable reconstruction","Account","Inventory complete — Figma import blocked by MCP plan limit","Source path: 08-account/08-account-dashboard-profile-menu-fr.png; dimensions: 941x1672"
"08-account","08-account-guest-welcome-login-fr.png","80 — Account","02 — Source Screenshots","SRC / 08-account-guest-welcome-login-fr.png","","Account","account-guest-welcome-login","French","Default","Screen reference","TBD after editable reconstruction","Account","Inventory complete — Figma import blocked by MCP plan limit","Source path: 08-account/08-account-guest-welcome-login-fr.png; dimensions: 941x1672"
"08-account","08-account-security-overview-fr.png","80 — Account","02 — Source Screenshots","SRC / 08-account-security-overview-fr.png","","Account","account-security-overview","French","Default","Screen reference","TBD after editable reconstruction","Account","Inventory complete — Figma import blocked by MCP plan limit","Source path: 08-account/08-account-security-overview-fr.png; dimensions: 941x1672"
"08-account","08-account-settings-menu-photo-fr.png","80 — Account","02 — Source Screenshots","SRC / 08-account-settings-menu-photo-fr.png","","Account","account-settings-menu-photo","French","Default","Screen reference","TBD after editable reconstruction","Account","Inventory complete — Figma import blocked by MCP plan limit","Source path: 08-account/08-account-settings-menu-photo-fr.png; dimensions: 941x1672"
"08-account","08-active-sessions-devices-list-fr.png","80 — Account","02 — Source Screenshots","SRC / 08-active-sessions-devices-list-fr.png","","Account","active-sessions-devices-list","French","Default","Screen reference","TBD after editable reconstruction","Account","Inventory complete — Figma import blocked by MCP plan limit","Source path: 08-account/08-active-sessions-devices-list-fr.png; dimensions: 941x1672"
"08-account","08-active-sessions-devices-v2-fr.png","80 — Account","02 — Source Screenshots","SRC / 08-active-sessions-devices-v2-fr.png","","Account","active-sessions-devices-v2","French","Default","Screen reference","TBD after editable reconstruction","Account","Inventory complete — Figma import blocked by MCP plan limit","Source path: 08-account/08-active-sessions-devices-v2-fr.png; dimensions: 941x1672"
"08-account","08-add-address-form-v2-fr.png","80 — Account","02 — Source Screenshots","SRC / 08-add-address-form-v2-fr.png","","Account","add-address-form-v2","French","Default","Screen reference","TBD after editable reconstruction","Account","Inventory complete — Figma import blocked by MCP plan limit","Source path: 08-account/08-add-address-form-v2-fr.png; dimensions: 941x1672"
"08-account","08-add-address-simple-form-fr.png","80 — Account","02 — Source Screenshots","SRC / 08-add-address-simple-form-fr.png","","Account","add-address-simple-form","French","Default","Screen reference","TBD after editable reconstruction","Account","Inventory complete — Figma import blocked by MCP plan limit","Source path: 08-account/08-add-address-simple-form-fr.png; dimensions: 941x1672"
"08-account","08-change-email-form-fr.png","80 — Account","02 — Source Screenshots","SRC / 08-change-email-form-fr.png","","Account","change-email-form","French","Default","Screen reference","TBD after editable reconstruction","Account","Inventory complete — Figma import blocked by MCP plan limit","Source path: 08-account/08-change-email-form-fr.png; dimensions: 941x1672"
"08-account","08-change-password-form-fr.png","80 — Account","02 — Source Screenshots","SRC / 08-change-password-form-fr.png","","Account","change-password-form","French","Default","Screen reference","TBD after editable reconstruction","Account","Inventory complete — Figma import blocked by MCP plan limit","Source path: 08-account/08-change-password-form-fr.png; dimensions: 941x1672"
"08-account","08-change-password-with-requirements-fr.png","80 — Account","02 — Source Screenshots","SRC / 08-change-password-with-requirements-fr.png","","Account","change-password-with-requirements","French","Default","Screen reference","TBD after editable reconstruction","Account","Inventory complete — Figma import blocked by MCP plan limit","Source path: 08-account/08-change-password-with-requirements-fr.png; dimensions: 941x1672"
"08-account","08-change-phone-number-fr.png","80 — Account","02 — Source Screenshots","SRC / 08-change-phone-number-fr.png","","Account","change-phone-number","French","Default","Screen reference","TBD after editable reconstruction","Account","Inventory complete — Figma import blocked by MCP plan limit","Source path: 08-account/08-change-phone-number-fr.png; dimensions: 941x1672"
"08-account","08-complete-profile-progress-60-fr.png","80 — Account","02 — Source Screenshots","SRC / 08-complete-profile-progress-60-fr.png","","Account","complete-profile-progress-60","French","Default","Screen reference","TBD after editable reconstruction","Account","Inventory complete — Figma import blocked by MCP plan limit","Source path: 08-account/08-complete-profile-progress-60-fr.png; dimensions: 941x1672"
"08-account","08-delete-address-confirmation-fr.png","80 — Account","02 — Source Screenshots","SRC / 08-delete-address-confirmation-fr.png","","Account","delete-address-confirmation","French","Confirmation","Dialog","TBD after editable reconstruction","Account","Inventory complete — Figma import blocked by MCP plan limit","Source path: 08-account/08-delete-address-confirmation-fr.png; dimensions: 941x1672"
"08-account","08-disconnect-device-confirmation-fr.png","80 — Account","02 — Source Screenshots","SRC / 08-disconnect-device-confirmation-fr.png","","Account","disconnect-device-confirmation","French","Confirmation","Dialog","TBD after editable reconstruction","Account","Inventory complete — Figma import blocked by MCP plan limit","Source path: 08-account/08-disconnect-device-confirmation-fr.png; dimensions: 941x1672"
"08-account","08-disconnect-device-confirmation-v2-fr.png","80 — Account","02 — Source Screenshots","SRC / 08-disconnect-device-confirmation-v2-fr.png","","Account","disconnect-device-confirmation-v2","French","Confirmation","Dialog","TBD after editable reconstruction","Account","Inventory complete — Figma import blocked by MCP plan limit","Source path: 08-account/08-disconnect-device-confirmation-v2-fr.png; dimensions: 941x1672"
"08-account","08-edit-address-form-fr.png","80 — Account","02 — Source Screenshots","SRC / 08-edit-address-form-fr.png","","Account","edit-address-form","French","Default","Screen reference","TBD after editable reconstruction","Account","Inventory complete — Figma import blocked by MCP plan limit","Source path: 08-account/08-edit-address-form-fr.png; dimensions: 941x1672"
"08-account","08-edit-profile-form-ar.png","80 — Account","02 — Source Screenshots","SRC / 08-edit-profile-form-ar.png","","Account","edit-profile-form","Arabic","Default","Screen reference","TBD after editable reconstruction","Account","Inventory complete — Figma import blocked by MCP plan limit","Source path: 08-account/08-edit-profile-form-ar.png; dimensions: 941x1672"
"08-account","08-edit-profile-form-fr.png","80 — Account","02 — Source Screenshots","SRC / 08-edit-profile-form-fr.png","","Account","edit-profile-form","French","Default","Screen reference","TBD after editable reconstruction","Account","Inventory complete — Figma import blocked by MCP plan limit","Source path: 08-account/08-edit-profile-form-fr.png; dimensions: 941x1672"
"08-account","08-faq-accordion-questions-fr.png","80 — Account","02 — Source Screenshots","SRC / 08-faq-accordion-questions-fr.png","","Account","faq-accordion-questions","French","Default","Screen reference","TBD after editable reconstruction","Account","Inventory complete — Figma import blocked by MCP plan limit","Source path: 08-account/08-faq-accordion-questions-fr.png; dimensions: 941x1672"
"08-account","08-faq-detail-expanded-answer-fr.png","80 — Account","02 — Source Screenshots","SRC / 08-faq-detail-expanded-answer-fr.png","","Account","faq-detail-expanded-answer","French","Default","Screen reference","TBD after editable reconstruction","Account","Inventory complete — Figma import blocked by MCP plan limit","Source path: 08-account/08-faq-detail-expanded-answer-fr.png; dimensions: 941x1672"
"08-account","08-faq-tab-categories-fr.png","80 — Account","02 — Source Screenshots","SRC / 08-faq-tab-categories-fr.png","","Account","faq-tab-categories","French","Default","Screen reference","TBD after editable reconstruction","Account","Inventory complete — Figma import blocked by MCP plan limit","Source path: 08-account/08-faq-tab-categories-fr.png; dimensions: 941x1672"
"08-account","08-help-center-categories-fr.png","80 — Account","02 — Source Screenshots","SRC / 08-help-center-categories-fr.png","","Account","help-center-categories","French","Default","Screen reference","TBD after editable reconstruction","Account","Inventory complete — Figma import blocked by MCP plan limit","Source path: 08-account/08-help-center-categories-fr.png; dimensions: 941x1672"
"08-account","08-help-center-with-recent-requests-fr.png","80 — Account","02 — Source Screenshots","SRC / 08-help-center-with-recent-requests-fr.png","","Account","help-center-with-recent-requests","French","Default","Screen reference","TBD after editable reconstruction","Account","Inventory complete — Figma import blocked by MCP plan limit","Source path: 08-account/08-help-center-with-recent-requests-fr.png; dimensions: 941x1672"
"08-account","08-help-support-faq-categories-fr.png","80 — Account","02 — Source Screenshots","SRC / 08-help-support-faq-categories-fr.png","","Account","help-support-faq-categories","French","Default","Screen reference","TBD after editable reconstruction","Account","Inventory complete — Figma import blocked by MCP plan limit","Source path: 08-account/08-help-support-faq-categories-fr.png; dimensions: 941x1672"
"08-account","08-language-region-preferences-fr.png","80 — Account","02 — Source Screenshots","SRC / 08-language-region-preferences-fr.png","","Account","language-region-preferences","French","Default","Screen reference","TBD after editable reconstruction","Account","Inventory complete — Figma import blocked by MCP plan limit","Source path: 08-account/08-language-region-preferences-fr.png; dimensions: 941x1672"
"08-account","08-language-selection-3-languages-fr.png","80 — Account","02 — Source Screenshots","SRC / 08-language-selection-3-languages-fr.png","","Account","language-selection-3-languages","French","Default","Screen reference","TBD after editable reconstruction","Account","Inventory complete — Figma import blocked by MCP plan limit","Source path: 08-account/08-language-selection-3-languages-fr.png; dimensions: 941x1672"
"08-account","08-language-selection-interface-preview-fr.png","80 — Account","02 — Source Screenshots","SRC / 08-language-selection-interface-preview-fr.png","","Account","language-selection-interface-preview","French","Default","Screen reference","TBD after editable reconstruction","Account","Inventory complete — Figma import blocked by MCP plan limit","Source path: 08-account/08-language-selection-interface-preview-fr.png; dimensions: 941x1672"
"08-account","08-language-selection-with-preview-fr.png","80 — Account","02 — Source Screenshots","SRC / 08-language-selection-with-preview-fr.png","","Account","language-selection-with-preview","French","Default","Screen reference","TBD after editable reconstruction","Account","Inventory complete — Figma import blocked by MCP plan limit","Source path: 08-account/08-language-selection-with-preview-fr.png; dimensions: 941x1672"
"08-account","08-logout-confirmation-dialog-fr.png","80 — Account","02 — Source Screenshots","SRC / 08-logout-confirmation-dialog-fr.png","","Account","logout-confirmation-dialog","French","Confirmation","Dialog","TBD after editable reconstruction","Account","Inventory complete — Figma import blocked by MCP plan limit","Source path: 08-account/08-logout-confirmation-dialog-fr.png; dimensions: 941x1672"
"08-account","08-marketing-preferences-cart-reminders-fr.png","80 — Account","02 — Source Screenshots","SRC / 08-marketing-preferences-cart-reminders-fr.png","","Account","marketing-preferences-cart-reminders","French","Default","Screen reference","TBD after editable reconstruction","Account","Inventory complete — Figma import blocked by MCP plan limit","Source path: 08-account/08-marketing-preferences-cart-reminders-fr.png; dimensions: 941x1672"
"08-account","08-marketing-preferences-detailed-fr.png","80 — Account","02 — Source Screenshots","SRC / 08-marketing-preferences-detailed-fr.png","","Account","marketing-preferences-detailed","French","Default","Screen reference","TBD after editable reconstruction","Account","Inventory complete — Figma import blocked by MCP plan limit","Source path: 08-account/08-marketing-preferences-detailed-fr.png; dimensions: 941x1672"
"08-account","08-marketing-preferences-toggles-fr.png","80 — Account","02 — Source Screenshots","SRC / 08-marketing-preferences-toggles-fr.png","","Account","marketing-preferences-toggles","French","Default","Screen reference","TBD after editable reconstruction","Account","Inventory complete — Figma import blocked by MCP plan limit","Source path: 08-account/08-marketing-preferences-toggles-fr.png; dimensions: 941x1672"
"08-account","08-my-addresses-list-ar.png","80 — Account","02 — Source Screenshots","SRC / 08-my-addresses-list-ar.png","","Account","my-addresses-list","Arabic","Default","Screen reference","TBD after editable reconstruction","Account","Inventory complete — Figma import blocked by MCP plan limit","Source path: 08-account/08-my-addresses-list-ar.png; dimensions: 941x1672"
"08-account","08-my-addresses-list-labels-fr.png","80 — Account","02 — Source Screenshots","SRC / 08-my-addresses-list-labels-fr.png","","Account","my-addresses-list-labels","French","Default","Screen reference","TBD after editable reconstruction","Account","Inventory complete — Figma import blocked by MCP plan limit","Source path: 08-account/08-my-addresses-list-labels-fr.png; dimensions: 941x1672"
"08-account","08-my-addresses-list-v2-fr.png","80 — Account","02 — Source Screenshots","SRC / 08-my-addresses-list-v2-fr.png","","Account","my-addresses-list-v2","French","Default","Screen reference","TBD after editable reconstruction","Account","Inventory complete — Figma import blocked by MCP plan limit","Source path: 08-account/08-my-addresses-list-v2-fr.png; dimensions: 941x1672"
"08-account","08-my-information-personal-details-fr.png","80 — Account","02 — Source Screenshots","SRC / 08-my-information-personal-details-fr.png","","Account","my-information-personal-details","French","Default","Screen reference","TBD after editable reconstruction","Account","Inventory complete — Figma import blocked by MCP plan limit","Source path: 08-account/08-my-information-personal-details-fr.png; dimensions: 941x1672"
"08-account","08-notification-detail-order-preparation-fr.png","80 — Account","02 — Source Screenshots","SRC / 08-notification-detail-order-preparation-fr.png","","Account","notification-detail-order-preparation","French","Default","Screen reference","TBD after editable reconstruction","Account","Inventory complete — Figma import blocked by MCP plan limit","Source path: 08-account/08-notification-detail-order-preparation-fr.png; dimensions: 941x1672"
"08-account","08-notification-detail-order-shipped-fr.png","80 — Account","02 — Source Screenshots","SRC / 08-notification-detail-order-shipped-fr.png","","Account","notification-detail-order-shipped","French","Default","Screen reference","TBD after editable reconstruction","Account","Inventory complete — Figma import blocked by MCP plan limit","Source path: 08-account/08-notification-detail-order-shipped-fr.png; dimensions: 941x1672"
"08-account","08-notification-management-channels-fr.png","80 — Account","02 — Source Screenshots","SRC / 08-notification-management-channels-fr.png","","Account","notification-management-channels","French","Default","Screen reference","TBD after editable reconstruction","Account","Inventory complete — Figma import blocked by MCP plan limit","Source path: 08-account/08-notification-management-channels-fr.png; dimensions: 941x1672"
"08-account","08-notification-preferences-by-category-fr.png","80 — Account","02 — Source Screenshots","SRC / 08-notification-preferences-by-category-fr.png","","Account","notification-preferences-by-category","French","Default","Screen reference","TBD after editable reconstruction","Account","Inventory complete — Figma import blocked by MCP plan limit","Source path: 08-account/08-notification-preferences-by-category-fr.png; dimensions: 941x1672"
"08-account","08-notification-preferences-detailed-fr.png","80 — Account","02 — Source Screenshots","SRC / 08-notification-preferences-detailed-fr.png","","Account","notification-preferences-detailed","French","Default","Screen reference","TBD after editable reconstruction","Account","Inventory complete — Figma import blocked by MCP plan limit","Source path: 08-account/08-notification-preferences-detailed-fr.png; dimensions: 941x1672"
"08-account","08-notification-settings-toggles-fr.png","80 — Account","02 — Source Screenshots","SRC / 08-notification-settings-toggles-fr.png","","Account","notification-settings-toggles","French","Default","Screen reference","TBD after editable reconstruction","Account","Inventory complete — Figma import blocked by MCP plan limit","Source path: 08-account/08-notification-settings-toggles-fr.png; dimensions: 941x1672"
"08-account","08-password-changed-success-fr.png","80 — Account","02 — Source Screenshots","SRC / 08-password-changed-success-fr.png","","Account","password-changed-success","French","Success","Screen state","TBD after editable reconstruction","Account","Inventory complete — Figma import blocked by MCP plan limit","Source path: 08-account/08-password-changed-success-fr.png; dimensions: 941x1672"
"08-account","08-payment-methods-card-cod-wallet-fr.png","80 — Account","02 — Source Screenshots","SRC / 08-payment-methods-card-cod-wallet-fr.png","","Account","payment-methods-card-cod-wallet","French","Default","Screen reference","TBD after editable reconstruction","Account","Inventory complete — Figma import blocked by MCP plan limit","Source path: 08-account/08-payment-methods-card-cod-wallet-fr.png; dimensions: 941x1672"
"08-account","08-security-privacy-full-menu-fr.png","80 — Account","02 — Source Screenshots","SRC / 08-security-privacy-full-menu-fr.png","","Account","security-privacy-full-menu","French","Default","Screen reference","TBD after editable reconstruction","Account","Inventory complete — Figma import blocked by MCP plan limit","Source path: 08-account/08-security-privacy-full-menu-fr.png; dimensions: 941x1672"
"08-account","08-security-privacy-with-2fa-fr.png","80 — Account","02 — Source Screenshots","SRC / 08-security-privacy-with-2fa-fr.png","","Account","security-privacy-with-2fa","French","Default","Screen reference","TBD after editable reconstruction","Account","Inventory complete — Figma import blocked by MCP plan limit","Source path: 08-account/08-security-privacy-with-2fa-fr.png; dimensions: 941x1672"
"08-account","08-silent-hours-day-selection-fr.png","80 — Account","02 — Source Screenshots","SRC / 08-silent-hours-day-selection-fr.png","","Account","silent-hours-day-selection","French","Default","Screen reference","TBD after editable reconstruction","Account","Inventory complete — Figma import blocked by MCP plan limit","Source path: 08-account/08-silent-hours-day-selection-fr.png; dimensions: 941x1672"
"08-account","08-silent-hours-do-not-disturb-fr.png","80 — Account","02 — Source Screenshots","SRC / 08-silent-hours-do-not-disturb-fr.png","","Account","silent-hours-do-not-disturb","French","Default","Screen reference","TBD after editable reconstruction","Account","Inventory complete — Figma import blocked by MCP plan limit","Source path: 08-account/08-silent-hours-do-not-disturb-fr.png; dimensions: 941x1672"
"08-account","08-verify-phone-otp-code-fr.png","80 — Account","02 — Source Screenshots","SRC / 08-verify-phone-otp-code-fr.png","","Account","verify-phone-otp-code","French","Default","Screen reference","TBD after editable reconstruction","Account","Inventory complete — Figma import blocked by MCP plan limit","Source path: 08-account/08-verify-phone-otp-code-fr.png; dimensions: 941x1672"
"09-support-settings","09-about-app-version-info-fr.png","90 — Support & Settings","02 — Source Screenshots","SRC / 09-about-app-version-info-fr.png","","Support & Settings","about-app-version-info","French","Default","Screen reference","TBD after editable reconstruction","Support & Settings","Inventory complete — Figma import blocked by MCP plan limit","Source path: 09-support-settings/09-about-app-version-info-fr.png; dimensions: 941x1672"
"09-support-settings","09-about-mayush-design-company-fr.png","90 — Support & Settings","02 — Source Screenshots","SRC / 09-about-mayush-design-company-fr.png","","Support & Settings","about-mayush-design-company","French","Default","Screen reference","TBD after editable reconstruction","Support & Settings","Inventory complete — Figma import blocked by MCP plan limit","Source path: 09-support-settings/09-about-mayush-design-company-fr.png; dimensions: 941x1672"
"09-support-settings","09-accessibility-settings-text-contrast-fr.png","90 — Support & Settings","02 — Source Screenshots","SRC / 09-accessibility-settings-text-contrast-fr.png","","Support & Settings","accessibility-settings-text-contrast","French","Default","Screen reference","TBD after editable reconstruction","Support & Settings","Inventory complete — Figma import blocked by MCP plan limit","Source path: 09-support-settings/09-accessibility-settings-text-contrast-fr.png; dimensions: 941x1672"
"09-support-settings","09-app-permissions-camera-photos-location-fr.png","90 — Support & Settings","02 — Source Screenshots","SRC / 09-app-permissions-camera-photos-location-fr.png","","Support & Settings","app-permissions-camera-photos-location","French","Default","Screen reference","TBD after editable reconstruction","Support & Settings","Inventory complete — Figma import blocked by MCP plan limit","Source path: 09-support-settings/09-app-permissions-camera-photos-location-fr.png; dimensions: 941x1672"
"09-support-settings","09-app-update-available-fr.png","90 — Support & Settings","02 — Source Screenshots","SRC / 09-app-update-available-fr.png","","Support & Settings","app-update-available","French","Update","Screen state","TBD after editable reconstruction","Support & Settings","Inventory complete — Figma import blocked by MCP plan limit","Source path: 09-support-settings/09-app-update-available-fr.png; dimensions: 941x1672"
"09-support-settings","09-attach-files-documents-fr.png","90 — Support & Settings","02 — Source Screenshots","SRC / 09-attach-files-documents-fr.png","","Support & Settings","attach-files-documents","French","Default","Screen reference","TBD after editable reconstruction","Support & Settings","Inventory complete — Figma import blocked by MCP plan limit","Source path: 09-support-settings/09-attach-files-documents-fr.png; dimensions: 941x1672"
"09-support-settings","09-choose-language-french-arabic-fr.png","90 — Support & Settings","02 — Source Screenshots","SRC / 09-choose-language-french-arabic-fr.png","","Support & Settings","choose-language-french-arabic","French","Default","Screen reference","TBD after editable reconstruction","Support & Settings","Inventory complete — Figma import blocked by MCP plan limit","Source path: 09-support-settings/09-choose-language-french-arabic-fr.png; dimensions: 941x1672"
"09-support-settings","09-clear-cache-confirmation-dialog-fr.png","90 — Support & Settings","02 — Source Screenshots","SRC / 09-clear-cache-confirmation-dialog-fr.png","","Support & Settings","clear-cache-confirmation-dialog","French","Confirmation","Dialog","TBD after editable reconstruction","Support & Settings","Inventory complete — Figma import blocked by MCP plan limit","Source path: 09-support-settings/09-clear-cache-confirmation-dialog-fr.png; dimensions: 941x1672"
"09-support-settings","09-close-request-confirmation-fr.png","90 — Support & Settings","02 — Source Screenshots","SRC / 09-close-request-confirmation-fr.png","","Support & Settings","close-request-confirmation","French","Confirmation","Dialog","TBD after editable reconstruction","Support & Settings","Inventory complete — Figma import blocked by MCP plan limit","Source path: 09-support-settings/09-close-request-confirmation-fr.png; dimensions: 941x1672"
"09-support-settings","09-contact-support-form-fr.png","90 — Support & Settings","02 — Source Screenshots","SRC / 09-contact-support-form-fr.png","","Support & Settings","contact-support-form","French","Default","Screen reference","TBD after editable reconstruction","Support & Settings","Inventory complete — Figma import blocked by MCP plan limit","Source path: 09-support-settings/09-contact-support-form-fr.png; dimensions: 941x1672"
"09-support-settings","09-data-usage-image-quality-wifi-cache-fr.png","90 — Support & Settings","02 — Source Screenshots","SRC / 09-data-usage-image-quality-wifi-cache-fr.png","","Support & Settings","data-usage-image-quality-wifi-cache","French","Default","Screen reference","TBD after editable reconstruction","Support & Settings","Inventory complete — Figma import blocked by MCP plan limit","Source path: 09-support-settings/09-data-usage-image-quality-wifi-cache-fr.png; dimensions: 941x1672"
"09-support-settings","09-faq-article-track-order-steps-fr.png","90 — Support & Settings","02 — Source Screenshots","SRC / 09-faq-article-track-order-steps-fr.png","","Support & Settings","faq-article-track-order-steps","French","Default","Screen reference","TBD after editable reconstruction","Support & Settings","Inventory complete — Figma import blocked by MCP plan limit","Source path: 09-support-settings/09-faq-article-track-order-steps-fr.png; dimensions: 941x1672"
"09-support-settings","09-faq-tab-categories-fr.png","90 — Support & Settings","02 — Source Screenshots","SRC / 09-faq-tab-categories-fr.png","","Support & Settings","faq-tab-categories","French","Default","Screen reference","TBD after editable reconstruction","Support & Settings","Inventory complete — Figma import blocked by MCP plan limit","Source path: 09-support-settings/09-faq-tab-categories-fr.png; dimensions: 941x1672"
"09-support-settings","09-forced-update-required-fr.png","90 — Support & Settings","02 — Source Screenshots","SRC / 09-forced-update-required-fr.png","","Support & Settings","forced-update-required","French","Update","Screen state","TBD after editable reconstruction","Support & Settings","Inventory complete — Figma import blocked by MCP plan limit","Source path: 09-support-settings/09-forced-update-required-fr.png; dimensions: 941x1672"
"09-support-settings","09-help-category-orders-delivery-fr.png","90 — Support & Settings","02 — Source Screenshots","SRC / 09-help-category-orders-delivery-fr.png","","Support & Settings","help-category-orders-delivery","French","Default","Screen reference","TBD after editable reconstruction","Support & Settings","Inventory complete — Figma import blocked by MCP plan limit","Source path: 09-support-settings/09-help-category-orders-delivery-fr.png; dimensions: 941x1672"
"09-support-settings","09-help-center-home-ar.png","90 — Support & Settings","02 — Source Screenshots","SRC / 09-help-center-home-ar.png","","Support & Settings","help-center-home","Arabic","Default","Screen reference","TBD after editable reconstruction","Support & Settings","Inventory complete — Figma import blocked by MCP plan limit","Source path: 09-support-settings/09-help-center-home-ar.png; dimensions: 941x1672"
"09-support-settings","09-help-center-home-categories-requests-fr.png","90 — Support & Settings","02 — Source Screenshots","SRC / 09-help-center-home-categories-requests-fr.png","","Support & Settings","help-center-home-categories-requests","French","Default","Screen reference","TBD after editable reconstruction","Support & Settings","Inventory complete — Figma import blocked by MCP plan limit","Source path: 09-support-settings/09-help-center-home-categories-requests-fr.png; dimensions: 941x1672"
"09-support-settings","09-help-center-search-results-fr.png","90 — Support & Settings","02 — Source Screenshots","SRC / 09-help-center-search-results-fr.png","","Support & Settings","help-center-search-results","French","Default","Screen reference","TBD after editable reconstruction","Support & Settings","Inventory complete — Figma import blocked by MCP plan limit","Source path: 09-support-settings/09-help-center-search-results-fr.png; dimensions: 941x1672"
"09-support-settings","09-legal-center-terms-policies-fr.png","90 — Support & Settings","02 — Source Screenshots","SRC / 09-legal-center-terms-policies-fr.png","","Support & Settings","legal-center-terms-policies","French","Default","Screen reference","TBD after editable reconstruction","Support & Settings","Inventory complete — Figma import blocked by MCP plan limit","Source path: 09-support-settings/09-legal-center-terms-policies-fr.png; dimensions: 941x1672"
"09-support-settings","09-maintenance-mode-services-impacted-fr.png","90 — Support & Settings","02 — Source Screenshots","SRC / 09-maintenance-mode-services-impacted-fr.png","","Support & Settings","maintenance-mode-services-impacted","French","Maintenance","Screen state","TBD after editable reconstruction","Support & Settings","Inventory complete — Figma import blocked by MCP plan limit","Source path: 09-support-settings/09-maintenance-mode-services-impacted-fr.png; dimensions: 941x1672"
"09-support-settings","09-marketing-preferences-detailed-fr.png","90 — Support & Settings","02 — Source Screenshots","SRC / 09-marketing-preferences-detailed-fr.png","","Support & Settings","marketing-preferences-detailed","French","Default","Screen reference","TBD after editable reconstruction","Support & Settings","Inventory complete — Figma import blocked by MCP plan limit","Source path: 09-support-settings/09-marketing-preferences-detailed-fr.png; dimensions: 941x1672"
"09-support-settings","09-my-support-tickets-list-fr.png","90 — Support & Settings","02 — Source Screenshots","SRC / 09-my-support-tickets-list-fr.png","","Support & Settings","my-support-tickets-list","French","Default","Screen reference","TBD after editable reconstruction","Support & Settings","Inventory complete — Figma import blocked by MCP plan limit","Source path: 09-support-settings/09-my-support-tickets-list-fr.png; dimensions: 941x1672"
"09-support-settings","09-no-support-requests-empty-state-fr.png","90 — Support & Settings","02 — Source Screenshots","SRC / 09-no-support-requests-empty-state-fr.png","","Support & Settings","no-support-requests-empty-state","French","Empty","Screen state","TBD after editable reconstruction","Support & Settings","Inventory complete — Figma import blocked by MCP plan limit","Source path: 09-support-settings/09-no-support-requests-empty-state-fr.png; dimensions: 941x1672"
"09-support-settings","09-notification-settings-matrix-grid-fr.png","90 — Support & Settings","02 — Source Screenshots","SRC / 09-notification-settings-matrix-grid-fr.png","","Support & Settings","notification-settings-matrix-grid","French","Default","Screen reference","TBD after editable reconstruction","Support & Settings","Inventory complete — Figma import blocked by MCP plan limit","Source path: 09-support-settings/09-notification-settings-matrix-grid-fr.png; dimensions: 941x1672"
"09-support-settings","09-offline-mode-limited-functionality-fr.png","90 — Support & Settings","02 — Source Screenshots","SRC / 09-offline-mode-limited-functionality-fr.png","","Support & Settings","offline-mode-limited-functionality","French","Offline","Screen state","TBD after editable reconstruction","Support & Settings","Inventory complete — Figma import blocked by MCP plan limit","Source path: 09-support-settings/09-offline-mode-limited-functionality-fr.png; dimensions: 941x1672"
"09-support-settings","09-privacy-data-policies-delete-account-fr.png","90 — Support & Settings","02 — Source Screenshots","SRC / 09-privacy-data-policies-delete-account-fr.png","","Support & Settings","privacy-data-policies-delete-account","French","Default","Screen reference","TBD after editable reconstruction","Support & Settings","Inventory complete — Figma import blocked by MCP plan limit","Source path: 09-support-settings/09-privacy-data-policies-delete-account-fr.png; dimensions: 941x1672"
"09-support-settings","09-privacy-policy-full-document-fr.png","90 — Support & Settings","02 — Source Screenshots","SRC / 09-privacy-policy-full-document-fr.png","","Support & Settings","privacy-policy-full-document","French","Default","Screen reference","TBD after editable reconstruction","Support & Settings","Inventory complete — Figma import blocked by MCP plan limit","Source path: 09-support-settings/09-privacy-policy-full-document-fr.png; dimensions: 941x1672"
"09-support-settings","09-reply-to-support-message-fr.png","90 — Support & Settings","02 — Source Screenshots","SRC / 09-reply-to-support-message-fr.png","","Support & Settings","reply-to-support-message","French","Default","Screen reference","TBD after editable reconstruction","Support & Settings","Inventory complete — Figma import blocked by MCP plan limit","Source path: 09-support-settings/09-reply-to-support-message-fr.png; dimensions: 941x1672"
"09-support-settings","09-review-send-support-request-fr.png","90 — Support & Settings","02 — Source Screenshots","SRC / 09-review-send-support-request-fr.png","","Support & Settings","review-send-support-request","French","Default","Screen reference","TBD after editable reconstruction","Support & Settings","Inventory complete — Figma import blocked by MCP plan limit","Source path: 09-support-settings/09-review-send-support-request-fr.png; dimensions: 941x1672"
"09-support-settings","09-select-order-for-support-fr.png","90 — Support & Settings","02 — Source Screenshots","SRC / 09-select-order-for-support-fr.png","","Support & Settings","select-order-for-support","French","Default","Screen reference","TBD after editable reconstruction","Support & Settings","Inventory complete — Figma import blocked by MCP plan limit","Source path: 09-support-settings/09-select-order-for-support-fr.png; dimensions: 941x1672"
"09-support-settings","09-settings-error-loading-state-fr.png","90 — Support & Settings","02 — Source Screenshots","SRC / 09-settings-error-loading-state-fr.png","","Support & Settings","settings-error-loading-state","French","Loading","Screen state","TBD after editable reconstruction","Support & Settings","Inventory complete — Figma import blocked by MCP plan limit","Source path: 09-support-settings/09-settings-error-loading-state-fr.png; dimensions: 941x1672"
"09-support-settings","09-settings-menu-ar.png","90 — Support & Settings","02 — Source Screenshots","SRC / 09-settings-menu-ar.png","","Support & Settings","settings-menu","Arabic","Default","Screen reference","TBD after editable reconstruction","Support & Settings","Inventory complete — Figma import blocked by MCP plan limit","Source path: 09-support-settings/09-settings-menu-ar.png; dimensions: 941x1672"
"09-support-settings","09-settings-menu-full-list-fr.png","90 — Support & Settings","02 — Source Screenshots","SRC / 09-settings-menu-full-list-fr.png","","Support & Settings","settings-menu-full-list","French","Default","Screen reference","TBD after editable reconstruction","Support & Settings","Inventory complete — Figma import blocked by MCP plan limit","Source path: 09-support-settings/09-settings-menu-full-list-fr.png; dimensions: 941x1672"
"09-support-settings","09-settings-skeleton-loading-state.png","90 — Support & Settings","02 — Source Screenshots","SRC / 09-settings-skeleton-loading-state.png","","Support & Settings","settings-skeleton-loading-state","Shared","Loading","Screen state","TBD after editable reconstruction","Support & Settings","Inventory complete — Figma import blocked by MCP plan limit","Source path: 09-support-settings/09-settings-skeleton-loading-state.png; dimensions: 941x1672"
"09-support-settings","09-silent-hours-day-selection-fr.png","90 — Support & Settings","02 — Source Screenshots","SRC / 09-silent-hours-day-selection-fr.png","","Support & Settings","silent-hours-day-selection","French","Default","Screen reference","TBD after editable reconstruction","Support & Settings","Inventory complete — Figma import blocked by MCP plan limit","Source path: 09-support-settings/09-silent-hours-day-selection-fr.png; dimensions: 941x1672"
"09-support-settings","09-storage-cache-management-fr.png","90 — Support & Settings","02 — Source Screenshots","SRC / 09-storage-cache-management-fr.png","","Support & Settings","storage-cache-management","French","Default","Screen reference","TBD after editable reconstruction","Support & Settings","Inventory complete — Figma import blocked by MCP plan limit","Source path: 09-support-settings/09-storage-cache-management-fr.png; dimensions: 941x1672"
"09-support-settings","09-support-connection-error-fr.png","90 — Support & Settings","02 — Source Screenshots","SRC / 09-support-connection-error-fr.png","","Support & Settings","support-connection-error","French","Error","Screen state","TBD after editable reconstruction","Support & Settings","Inventory complete — Figma import blocked by MCP plan limit","Source path: 09-support-settings/09-support-connection-error-fr.png; dimensions: 941x1672"
"09-support-settings","09-support-request-sent-success-fr.png","90 — Support & Settings","02 — Source Screenshots","SRC / 09-support-request-sent-success-fr.png","","Support & Settings","support-request-sent-success","French","Success","Screen state","TBD after editable reconstruction","Support & Settings","Inventory complete — Figma import blocked by MCP plan limit","Source path: 09-support-settings/09-support-request-sent-success-fr.png; dimensions: 941x1672"
"09-support-settings","09-support-temporarily-unavailable-fr.png","90 — Support & Settings","02 — Source Screenshots","SRC / 09-support-temporarily-unavailable-fr.png","","Support & Settings","support-temporarily-unavailable","French","Unavailable","Screen state","TBD after editable reconstruction","Support & Settings","Inventory complete — Figma import blocked by MCP plan limit","Source path: 09-support-settings/09-support-temporarily-unavailable-fr.png; dimensions: 941x1672"
"09-support-settings","09-ticket-detail-conversation-thread-fr.png","90 — Support & Settings","02 — Source Screenshots","SRC / 09-ticket-detail-conversation-thread-fr.png","","Support & Settings","ticket-detail-conversation-thread","French","Default","Screen reference","TBD after editable reconstruction","Support & Settings","Inventory complete — Figma import blocked by MCP plan limit","Source path: 09-support-settings/09-ticket-detail-conversation-thread-fr.png; dimensions: 941x1672"
"09-support-settings","09-ticket-resolved-rating-fr.png","90 — Support & Settings","02 — Source Screenshots","SRC / 09-ticket-resolved-rating-fr.png","","Support & Settings","ticket-resolved-rating","French","Default","Screen reference","TBD after editable reconstruction","Support & Settings","Inventory complete — Figma import blocked by MCP plan limit","Source path: 09-support-settings/09-ticket-resolved-rating-fr.png; dimensions: 941x1672"
"10-system-states","10-access-denied-403-fr.png","100 — System States","02 — Source Screenshots","SRC / 10-access-denied-403-fr.png","","System","access-denied-403","French","Denied","Screen state","TBD after editable reconstruction","System","Inventory complete — Figma import blocked by MCP plan limit","Source path: 10-system-states/10-access-denied-403-fr.png; dimensions: 941x1672"
"10-system-states","10-account-blocked-fr.png","100 — System States","02 — Source Screenshots","SRC / 10-account-blocked-fr.png","","System","account-blocked","French","Default","Screen reference","TBD after editable reconstruction","System","Inventory complete — Figma import blocked by MCP plan limit","Source path: 10-system-states/10-account-blocked-fr.png; dimensions: 941x1672"
"10-system-states","10-account-other-device-fr.png","100 — System States","02 — Source Screenshots","SRC / 10-account-other-device-fr.png","","System","account-other-device","French","Default","Screen reference","TBD after editable reconstruction","System","Inventory complete — Figma import blocked by MCP plan limit","Source path: 10-system-states/10-account-other-device-fr.png; dimensions: 941x1672"
"10-system-states","10-account-sync-fr.png","100 — System States","02 — Source Screenshots","SRC / 10-account-sync-fr.png","","System","account-sync","French","Default","Screen reference","TBD after editable reconstruction","System","Inventory complete — Figma import blocked by MCP plan limit","Source path: 10-system-states/10-account-sync-fr.png; dimensions: 941x1672"
"10-system-states","10-account-sync-fr-v2.png","100 — System States","02 — Source Screenshots","SRC / 10-account-sync-fr-v2.png","","System","account-sync-fr-v2","French","Default","Screen reference","TBD after editable reconstruction","System","Inventory complete — Figma import blocked by MCP plan limit","Source path: 10-system-states/10-account-sync-fr-v2.png; dimensions: 941x1672"
"10-system-states","10-account-sync-progress-fr.png","100 — System States","02 — Source Screenshots","SRC / 10-account-sync-progress-fr.png","","System","account-sync-progress","French","Default","Screen reference","TBD after editable reconstruction","System","Inventory complete — Figma import blocked by MCP plan limit","Source path: 10-system-states/10-account-sync-progress-fr.png; dimensions: 941x1672"
"10-system-states","10-app-initialization-fr.png","100 — System States","02 — Source Screenshots","SRC / 10-app-initialization-fr.png","","System","app-initialization","French","Default","Screen reference","TBD after editable reconstruction","System","Inventory complete — Figma import blocked by MCP plan limit","Source path: 10-system-states/10-app-initialization-fr.png; dimensions: 941x1672"
"10-system-states","10-app-initialization-fr-v2.png","100 — System States","02 — Source Screenshots","SRC / 10-app-initialization-fr-v2.png","","System","app-initialization-fr-v2","French","Default","Screen reference","TBD after editable reconstruction","System","Inventory complete — Figma import blocked by MCP plan limit","Source path: 10-system-states/10-app-initialization-fr-v2.png; dimensions: 941x1672"
"10-system-states","10-app-up-to-date-fr.png","100 — System States","02 — Source Screenshots","SRC / 10-app-up-to-date-fr.png","","System","app-up-to-date","French","Default","Screen reference","TBD after editable reconstruction","System","Inventory complete — Figma import blocked by MCP plan limit","Source path: 10-system-states/10-app-up-to-date-fr.png; dimensions: 941x1672"
"10-system-states","10-background-sync-fr.png","100 — System States","02 — Source Screenshots","SRC / 10-background-sync-fr.png","","System","background-sync","French","Default","Screen reference","TBD after editable reconstruction","System","Inventory complete — Figma import blocked by MCP plan limit","Source path: 10-system-states/10-background-sync-fr.png; dimensions: 941x1672"
"10-system-states","10-biometric-unavailable-fr.png","100 — System States","02 — Source Screenshots","SRC / 10-biometric-unavailable-fr.png","","System","biometric-unavailable","French","Unavailable","Screen state","TBD after editable reconstruction","System","Inventory complete — Figma import blocked by MCP plan limit","Source path: 10-system-states/10-biometric-unavailable-fr.png; dimensions: 941x1672"
"10-system-states","10-biometric-unavailable-fr-v2.png","100 — System States","02 — Source Screenshots","SRC / 10-biometric-unavailable-fr-v2.png","","System","biometric-unavailable-fr-v2","French","Unavailable","Screen state","TBD after editable reconstruction","System","Inventory complete — Figma import blocked by MCP plan limit","Source path: 10-system-states/10-biometric-unavailable-fr-v2.png; dimensions: 941x1672"
"10-system-states","10-cache-clearing-progress-fr.png","100 — System States","02 — Source Screenshots","SRC / 10-cache-clearing-progress-fr.png","","System","cache-clearing-progress","French","Default","Screen reference","TBD after editable reconstruction","System","Inventory complete — Figma import blocked by MCP plan limit","Source path: 10-system-states/10-cache-clearing-progress-fr.png; dimensions: 941x1672"
"10-system-states","10-camera-access-denied-fr.png","100 — System States","02 — Source Screenshots","SRC / 10-camera-access-denied-fr.png","","System","camera-access-denied","French","Denied","Screen state","TBD after editable reconstruction","System","Inventory complete — Figma import blocked by MCP plan limit","Source path: 10-system-states/10-camera-access-denied-fr.png; dimensions: 941x1672"
"10-system-states","10-connection-restored-fr.png","100 — System States","02 — Source Screenshots","SRC / 10-connection-restored-fr.png","","System","connection-restored","French","Restored","Screen reference","TBD after editable reconstruction","System","Inventory complete — Figma import blocked by MCP plan limit","Source path: 10-system-states/10-connection-restored-fr.png; dimensions: 941x1672"
"10-system-states","10-connection-restored-fr-v2.png","100 — System States","02 — Source Screenshots","SRC / 10-connection-restored-fr-v2.png","","System","connection-restored-fr-v2","French","Restored","Screen reference","TBD after editable reconstruction","System","Inventory complete — Figma import blocked by MCP plan limit","Source path: 10-system-states/10-connection-restored-fr-v2.png; dimensions: 941x1672"
"10-system-states","10-connection-timeout-fr.png","100 — System States","02 — Source Screenshots","SRC / 10-connection-timeout-fr.png","","System","connection-timeout","French","Default","Screen reference","TBD after editable reconstruction","System","Inventory complete — Figma import blocked by MCP plan limit","Source path: 10-system-states/10-connection-timeout-fr.png; dimensions: 941x1672"
"10-system-states","10-connection-timeout-fr-v2.png","100 — System States","02 — Source Screenshots","SRC / 10-connection-timeout-fr-v2.png","","System","connection-timeout-fr-v2","French","Default","Screen reference","TBD after editable reconstruction","System","Inventory complete — Figma import blocked by MCP plan limit","Source path: 10-system-states/10-connection-timeout-fr-v2.png; dimensions: 941x1672"
"10-system-states","10-content-loading-ar.png","100 — System States","02 — Source Screenshots","SRC / 10-content-loading-ar.png","","System","content-loading","Arabic","Loading","Screen state","TBD after editable reconstruction","System","Inventory complete — Figma import blocked by MCP plan limit","Source path: 10-system-states/10-content-loading-ar.png; dimensions: 941x1672"
"10-system-states","10-content-loading-ar-v2.png","100 — System States","02 — Source Screenshots","SRC / 10-content-loading-ar-v2.png","","System","content-loading-ar-v2","Arabic","Loading","Screen state","TBD after editable reconstruction","System","Inventory complete — Figma import blocked by MCP plan limit","Source path: 10-system-states/10-content-loading-ar-v2.png; dimensions: 941x1672"
"10-system-states","10-content-loading-skeleton-fr.png","100 — System States","02 — Source Screenshots","SRC / 10-content-loading-skeleton-fr.png","","System","content-loading-skeleton","French","Loading","Screen state","TBD after editable reconstruction","System","Inventory complete — Figma import blocked by MCP plan limit","Source path: 10-system-states/10-content-loading-skeleton-fr.png; dimensions: 941x1672"
"10-system-states","10-data-restoration-progress-fr.png","100 — System States","02 — Source Screenshots","SRC / 10-data-restoration-progress-fr.png","","System","data-restoration-progress","French","Default","Screen reference","TBD after editable reconstruction","System","Inventory complete — Figma import blocked by MCP plan limit","Source path: 10-system-states/10-data-restoration-progress-fr.png; dimensions: 941x1672"
"10-system-states","10-generic-error-fr.png","100 — System States","02 — Source Screenshots","SRC / 10-generic-error-fr.png","","System","generic-error","French","Error","Screen state","TBD after editable reconstruction","System","Inventory complete — Figma import blocked by MCP plan limit","Source path: 10-system-states/10-generic-error-fr.png; dimensions: 941x1672"
"10-system-states","10-installation-progress-fr.png","100 — System States","02 — Source Screenshots","SRC / 10-installation-progress-fr.png","","System","installation-progress","French","Default","Screen reference","TBD after editable reconstruction","System","Inventory complete — Figma import blocked by MCP plan limit","Source path: 10-system-states/10-installation-progress-fr.png; dimensions: 941x1672"
"10-system-states","10-location-access-denied-fr.png","100 — System States","02 — Source Screenshots","SRC / 10-location-access-denied-fr.png","","System","location-access-denied","French","Denied","Screen state","TBD after editable reconstruction","System","Inventory complete — Figma import blocked by MCP plan limit","Source path: 10-system-states/10-location-access-denied-fr.png; dimensions: 941x1672"
"10-system-states","10-location-access-denied-fr-v2.png","100 — System States","02 — Source Screenshots","SRC / 10-location-access-denied-fr-v2.png","","System","location-access-denied-fr-v2","French","Denied","Screen state","TBD after editable reconstruction","System","Inventory complete — Figma import blocked by MCP plan limit","Source path: 10-system-states/10-location-access-denied-fr-v2.png; dimensions: 941x1672"
"10-system-states","10-maintenance-completed-ar.png","100 — System States","02 — Source Screenshots","SRC / 10-maintenance-completed-ar.png","","System","maintenance-completed","Arabic","Maintenance","Screen state","TBD after editable reconstruction","System","Inventory complete — Figma import blocked by MCP plan limit","Source path: 10-system-states/10-maintenance-completed-ar.png; dimensions: 941x1672"
"10-system-states","10-maintenance-completed-fr.png","100 — System States","02 — Source Screenshots","SRC / 10-maintenance-completed-fr.png","","System","maintenance-completed","French","Maintenance","Screen state","TBD after editable reconstruction","System","Inventory complete — Figma import blocked by MCP plan limit","Source path: 10-system-states/10-maintenance-completed-fr.png; dimensions: 941x1672"
"10-system-states","10-maintenance-completed-fr-v2.png","100 — System States","02 — Source Screenshots","SRC / 10-maintenance-completed-fr-v2.png","","System","maintenance-completed-fr-v2","French","Maintenance","Screen state","TBD after editable reconstruction","System","Inventory complete — Figma import blocked by MCP plan limit","Source path: 10-system-states/10-maintenance-completed-fr-v2.png; dimensions: 941x1672"
"10-system-states","10-notifications-disabled-fr.png","100 — System States","02 — Source Screenshots","SRC / 10-notifications-disabled-fr.png","","System","notifications-disabled","French","Default","Screen reference","TBD after editable reconstruction","System","Inventory complete — Figma import blocked by MCP plan limit","Source path: 10-system-states/10-notifications-disabled-fr.png; dimensions: 941x1672"
"10-system-states","10-offline-ar.png","100 — System States","02 — Source Screenshots","SRC / 10-offline-ar.png","","System","offline","Arabic","Offline","Screen state","TBD after editable reconstruction","System","Inventory complete — Figma import blocked by MCP plan limit","Source path: 10-system-states/10-offline-ar.png; dimensions: 941x1672"
"10-system-states","10-offline-ar-v2.png","100 — System States","02 — Source Screenshots","SRC / 10-offline-ar-v2.png","","System","offline-ar-v2","Arabic","Offline","Screen state","TBD after editable reconstruction","System","Inventory complete — Figma import blocked by MCP plan limit","Source path: 10-system-states/10-offline-ar-v2.png; dimensions: 941x1672"
"10-system-states","10-offline-cached-content-fr.png","100 — System States","02 — Source Screenshots","SRC / 10-offline-cached-content-fr.png","","System","offline-cached-content","French","Offline","Screen state","TBD after editable reconstruction","System","Inventory complete — Figma import blocked by MCP plan limit","Source path: 10-system-states/10-offline-cached-content-fr.png; dimensions: 941x1672"
"10-system-states","10-offline-fr.png","100 — System States","02 — Source Screenshots","SRC / 10-offline-fr.png","","System","offline","French","Offline","Screen state","TBD after editable reconstruction","System","Inventory complete — Figma import blocked by MCP plan limit","Source path: 10-system-states/10-offline-fr.png; dimensions: 941x1672"
"10-system-states","10-page-not-found-fr.png","100 — System States","02 — Source Screenshots","SRC / 10-page-not-found-fr.png","","System","page-not-found","French","Default","Screen reference","TBD after editable reconstruction","System","Inventory complete — Figma import blocked by MCP plan limit","Source path: 10-system-states/10-page-not-found-fr.png; dimensions: 941x1672"
"10-system-states","10-password-changed-fr.png","100 — System States","02 — Source Screenshots","SRC / 10-password-changed-fr.png","","System","password-changed","French","Default","Screen reference","TBD after editable reconstruction","System","Inventory complete — Figma import blocked by MCP plan limit","Source path: 10-system-states/10-password-changed-fr.png; dimensions: 941x1672"
"10-system-states","10-photos-access-denied-fr.png","100 — System States","02 — Source Screenshots","SRC / 10-photos-access-denied-fr.png","","System","photos-access-denied","French","Denied","Screen state","TBD after editable reconstruction","System","Inventory complete — Figma import blocked by MCP plan limit","Source path: 10-system-states/10-photos-access-denied-fr.png; dimensions: 941x1672"
"10-system-states","10-photos-access-denied-fr-v2.png","100 — System States","02 — Source Screenshots","SRC / 10-photos-access-denied-fr-v2.png","","System","photos-access-denied-fr-v2","French","Denied","Screen state","TBD after editable reconstruction","System","Inventory complete — Figma import blocked by MCP plan limit","Source path: 10-system-states/10-photos-access-denied-fr-v2.png; dimensions: 941x1672"
"10-system-states","10-reconnection-progress-fr.png","100 — System States","02 — Source Screenshots","SRC / 10-reconnection-progress-fr.png","","System","reconnection-progress","French","Default","Screen reference","TBD after editable reconstruction","System","Inventory complete — Figma import blocked by MCP plan limit","Source path: 10-system-states/10-reconnection-progress-fr.png; dimensions: 941x1672"
"10-system-states","10-reconnection-progress-fr-v2.png","100 — System States","02 — Source Screenshots","SRC / 10-reconnection-progress-fr-v2.png","","System","reconnection-progress-fr-v2","French","Default","Screen reference","TBD after editable reconstruction","System","Inventory complete — Figma import blocked by MCP plan limit","Source path: 10-system-states/10-reconnection-progress-fr-v2.png; dimensions: 941x1672"
"10-system-states","10-refresh-progress-fr.png","100 — System States","02 — Source Screenshots","SRC / 10-refresh-progress-fr.png","","System","refresh-progress","French","Default","Screen reference","TBD after editable reconstruction","System","Inventory complete — Figma import blocked by MCP plan limit","Source path: 10-system-states/10-refresh-progress-fr.png; dimensions: 941x1672"
"10-system-states","10-scheduled-maintenance-fr.png","100 — System States","02 — Source Screenshots","SRC / 10-scheduled-maintenance-fr.png","","System","scheduled-maintenance","French","Maintenance","Screen state","TBD after editable reconstruction","System","Inventory complete — Figma import blocked by MCP plan limit","Source path: 10-system-states/10-scheduled-maintenance-fr.png; dimensions: 941x1672"
"10-system-states","10-scheduled-maintenance-fr-v2.png","100 — System States","02 — Source Screenshots","SRC / 10-scheduled-maintenance-fr-v2.png","","System","scheduled-maintenance-fr-v2","French","Maintenance","Screen state","TBD after editable reconstruction","System","Inventory complete — Figma import blocked by MCP plan limit","Source path: 10-system-states/10-scheduled-maintenance-fr-v2.png; dimensions: 941x1672"
"10-system-states","10-server-error-500-fr.png","100 — System States","02 — Source Screenshots","SRC / 10-server-error-500-fr.png","","System","server-error-500","French","Error","Screen state","TBD after editable reconstruction","System","Inventory complete — Figma import blocked by MCP plan limit","Source path: 10-system-states/10-server-error-500-fr.png; dimensions: 941x1672"
"10-system-states","10-server-unavailable-ar.png","100 — System States","02 — Source Screenshots","SRC / 10-server-unavailable-ar.png","","System","server-unavailable","Arabic","Unavailable","Screen state","TBD after editable reconstruction","System","Inventory complete — Figma import blocked by MCP plan limit","Source path: 10-system-states/10-server-unavailable-ar.png; dimensions: 941x1672"
"10-system-states","10-server-unavailable-ar-v2.png","100 — System States","02 — Source Screenshots","SRC / 10-server-unavailable-ar-v2.png","","System","server-unavailable-ar-v2","Arabic","Unavailable","Screen state","TBD after editable reconstruction","System","Inventory complete — Figma import blocked by MCP plan limit","Source path: 10-system-states/10-server-unavailable-ar-v2.png; dimensions: 941x1672"
"10-system-states","10-server-unavailable-detailed-fr.png","100 — System States","02 — Source Screenshots","SRC / 10-server-unavailable-detailed-fr.png","","System","server-unavailable-detailed","French","Unavailable","Screen state","TBD after editable reconstruction","System","Inventory complete — Figma import blocked by MCP plan limit","Source path: 10-system-states/10-server-unavailable-detailed-fr.png; dimensions: 941x1672"
"10-system-states","10-server-unavailable-fr.png","100 — System States","02 — Source Screenshots","SRC / 10-server-unavailable-fr.png","","System","server-unavailable","French","Unavailable","Screen state","TBD after editable reconstruction","System","Inventory complete — Figma import blocked by MCP plan limit","Source path: 10-system-states/10-server-unavailable-fr.png; dimensions: 941x1672"
"10-system-states","10-session-expired-ar.png","100 — System States","02 — Source Screenshots","SRC / 10-session-expired-ar.png","","System","session-expired","Arabic","Default","Screen reference","TBD after editable reconstruction","System","Inventory complete — Figma import blocked by MCP plan limit","Source path: 10-system-states/10-session-expired-ar.png; dimensions: 941x1672"
"10-system-states","10-session-expired-fr.png","100 — System States","02 — Source Screenshots","SRC / 10-session-expired-fr.png","","System","session-expired","French","Default","Screen reference","TBD after editable reconstruction","System","Inventory complete — Figma import blocked by MCP plan limit","Source path: 10-system-states/10-session-expired-fr.png; dimensions: 941x1672"
"10-system-states","10-session-restoration-fr.png","100 — System States","02 — Source Screenshots","SRC / 10-session-restoration-fr.png","","System","session-restoration","French","Default","Screen reference","TBD after editable reconstruction","System","Inventory complete — Figma import blocked by MCP plan limit","Source path: 10-system-states/10-session-restoration-fr.png; dimensions: 941x1672"
"10-system-states","10-session-restoration-fr-v2.png","100 — System States","02 — Source Screenshots","SRC / 10-session-restoration-fr-v2.png","","System","session-restoration-fr-v2","French","Default","Screen reference","TBD after editable reconstruction","System","Inventory complete — Figma import blocked by MCP plan limit","Source path: 10-system-states/10-session-restoration-fr-v2.png; dimensions: 941x1672"
"10-system-states","10-session-restored-fr.png","100 — System States","02 — Source Screenshots","SRC / 10-session-restored-fr.png","","System","session-restored","French","Restored","Screen reference","TBD after editable reconstruction","System","Inventory complete — Figma import blocked by MCP plan limit","Source path: 10-system-states/10-session-restored-fr.png; dimensions: 941x1672"
"10-system-states","10-splash-screen.png","100 — System States","02 — Source Screenshots","SRC / 10-splash-screen.png","","System","splash-screen","Shared","Default","Screen reference","TBD after editable reconstruction","System","Inventory complete — Figma import blocked by MCP plan limit","Source path: 10-system-states/10-splash-screen.png; dimensions: 941x1672"
"10-system-states","10-splash-screen-v2.png","100 — System States","02 — Source Screenshots","SRC / 10-splash-screen-v2.png","","System","splash-screen-v2","Shared","Default","Screen reference","TBD after editable reconstruction","System","Inventory complete — Figma import blocked by MCP plan limit","Source path: 10-system-states/10-splash-screen-v2.png; dimensions: 941x1672"
"10-system-states","10-too-many-attempts-fr.png","100 — System States","02 — Source Screenshots","SRC / 10-too-many-attempts-fr.png","","System","too-many-attempts","French","Default","Screen reference","TBD after editable reconstruction","System","Inventory complete — Figma import blocked by MCP plan limit","Source path: 10-system-states/10-too-many-attempts-fr.png; dimensions: 941x1672"
"10-system-states","10-unusual-activity-detected-fr.png","100 — System States","02 — Source Screenshots","SRC / 10-unusual-activity-detected-fr.png","","System","unusual-activity-detected","French","Default","Screen reference","TBD after editable reconstruction","System","Inventory complete — Figma import blocked by MCP plan limit","Source path: 10-system-states/10-unusual-activity-detected-fr.png; dimensions: 941x1672"
"10-system-states","10-update-available-fr.png","100 — System States","02 — Source Screenshots","SRC / 10-update-available-fr.png","","System","update-available","French","Update","Screen state","TBD after editable reconstruction","System","Inventory complete — Figma import blocked by MCP plan limit","Source path: 10-system-states/10-update-available-fr.png; dimensions: 941x1672"
"10-system-states","10-update-available-fr-v2.png","100 — System States","02 — Source Screenshots","SRC / 10-update-available-fr-v2.png","","System","update-available-fr-v2","French","Update","Screen state","TBD after editable reconstruction","System","Inventory complete — Figma import blocked by MCP plan limit","Source path: 10-system-states/10-update-available-fr-v2.png; dimensions: 941x1672"
"10-system-states","10-update-download-progress-fr.png","100 — System States","02 — Source Screenshots","SRC / 10-update-download-progress-fr.png","","System","update-download-progress","French","Update","Screen state","TBD after editable reconstruction","System","Inventory complete — Figma import blocked by MCP plan limit","Source path: 10-system-states/10-update-download-progress-fr.png; dimensions: 941x1672"
"10-system-states","10-update-failed-fr.png","100 — System States","02 — Source Screenshots","SRC / 10-update-failed-fr.png","","System","update-failed","French","Update","Screen state","TBD after editable reconstruction","System","Inventory complete — Figma import blocked by MCP plan limit","Source path: 10-system-states/10-update-failed-fr.png; dimensions: 941x1672"
"10-system-states","10-update-required-ar.png","100 — System States","02 — Source Screenshots","SRC / 10-update-required-ar.png","","System","update-required","Arabic","Update","Screen state","TBD after editable reconstruction","System","Inventory complete — Figma import blocked by MCP plan limit","Source path: 10-system-states/10-update-required-ar.png; dimensions: 941x1672"
"10-system-states","10-update-required-fr.png","100 — System States","02 — Source Screenshots","SRC / 10-update-required-fr.png","","System","update-required","French","Update","Screen state","TBD after editable reconstruction","System","Inventory complete — Figma import blocked by MCP plan limit","Source path: 10-system-states/10-update-required-fr.png; dimensions: 941x1672"
"11-arabic-rtl","11-access-denied-ar.png","110 — Arabic RTL","02 — Source Screenshots","SRC / 11-access-denied-ar.png","","Arabic RTL","access-denied","Arabic","Denied","Screen state","TBD after editable reconstruction","Arabic RTL","Inventory complete — Figma import blocked by MCP plan limit","Source path: 11-arabic-rtl/11-access-denied-ar.png; dimensions: 941x1672"
"11-arabic-rtl","11-account-dashboard-ar.png","110 — Arabic RTL","02 — Source Screenshots","SRC / 11-account-dashboard-ar.png","","Arabic RTL","account-dashboard","Arabic","Default","Screen reference","TBD after editable reconstruction","Arabic RTL","Inventory complete — Figma import blocked by MCP plan limit","Source path: 11-arabic-rtl/11-account-dashboard-ar.png; dimensions: 941x1672"
"11-arabic-rtl","11-active-sessions-ar.png","110 — Arabic RTL","02 — Source Screenshots","SRC / 11-active-sessions-ar.png","","Arabic RTL","active-sessions","Arabic","Default","Screen reference","TBD after editable reconstruction","Arabic RTL","Inventory complete — Figma import blocked by MCP plan limit","Source path: 11-arabic-rtl/11-active-sessions-ar.png; dimensions: 941x1672"
"11-arabic-rtl","11-add-address-ar.png","110 — Arabic RTL","02 — Source Screenshots","SRC / 11-add-address-ar.png","","Arabic RTL","add-address","Arabic","Default","Screen reference","TBD after editable reconstruction","Arabic RTL","Inventory complete — Figma import blocked by MCP plan limit","Source path: 11-arabic-rtl/11-add-address-ar.png; dimensions: 941x1672"
"11-arabic-rtl","11-addresses-list-ar.png","110 — Arabic RTL","02 — Source Screenshots","SRC / 11-addresses-list-ar.png","","Arabic RTL","addresses-list","Arabic","Default","Screen reference","TBD after editable reconstruction","Arabic RTL","Inventory complete — Figma import blocked by MCP plan limit","Source path: 11-arabic-rtl/11-addresses-list-ar.png; dimensions: 941x1672"
"11-arabic-rtl","11-cancellation-submitted-ar.png","110 — Arabic RTL","02 — Source Screenshots","SRC / 11-cancellation-submitted-ar.png","","Arabic RTL","cancellation-submitted","Arabic","Submitted","Screen reference","TBD after editable reconstruction","Arabic RTL","Inventory complete — Figma import blocked by MCP plan limit","Source path: 11-arabic-rtl/11-cancellation-submitted-ar.png; dimensions: 941x1672"
"11-arabic-rtl","11-cart-ar.png","110 — Arabic RTL","02 — Source Screenshots","SRC / 11-cart-ar.png","","Arabic RTL","cart","Arabic","Default","Screen reference","TBD after editable reconstruction","Arabic RTL","Inventory complete — Figma import blocked by MCP plan limit","Source path: 11-arabic-rtl/11-cart-ar.png; dimensions: 941x1672"
"11-arabic-rtl","11-categories-ar.png","110 — Arabic RTL","02 — Source Screenshots","SRC / 11-categories-ar.png","","Arabic RTL","categories","Arabic","Default","Screen reference","TBD after editable reconstruction","Arabic RTL","Inventory complete — Figma import blocked by MCP plan limit","Source path: 11-arabic-rtl/11-categories-ar.png; dimensions: 941x1672"
"11-arabic-rtl","11-change-email-ar.png","110 — Arabic RTL","02 — Source Screenshots","SRC / 11-change-email-ar.png","","Arabic RTL","change-email","Arabic","Default","Screen reference","TBD after editable reconstruction","Arabic RTL","Inventory complete — Figma import blocked by MCP plan limit","Source path: 11-arabic-rtl/11-change-email-ar.png; dimensions: 941x1672"
"11-arabic-rtl","11-change-password-ar.png","110 — Arabic RTL","02 — Source Screenshots","SRC / 11-change-password-ar.png","","Arabic RTL","change-password","Arabic","Default","Screen reference","TBD after editable reconstruction","Arabic RTL","Inventory complete — Figma import blocked by MCP plan limit","Source path: 11-arabic-rtl/11-change-password-ar.png; dimensions: 941x1672"
"11-arabic-rtl","11-change-phone-ar.png","110 — Arabic RTL","02 — Source Screenshots","SRC / 11-change-phone-ar.png","","Arabic RTL","change-phone","Arabic","Default","Screen reference","TBD after editable reconstruction","Arabic RTL","Inventory complete — Figma import blocked by MCP plan limit","Source path: 11-arabic-rtl/11-change-phone-ar.png; dimensions: 941x1672"
"11-arabic-rtl","11-checkout-address-ar.png","110 — Arabic RTL","02 — Source Screenshots","SRC / 11-checkout-address-ar.png","","Arabic RTL","checkout-address","Arabic","Default","Screen reference","TBD after editable reconstruction","Arabic RTL","Inventory complete — Figma import blocked by MCP plan limit","Source path: 11-arabic-rtl/11-checkout-address-ar.png; dimensions: 941x1672"
"11-arabic-rtl","11-connection-restored-ar.png","110 — Arabic RTL","02 — Source Screenshots","SRC / 11-connection-restored-ar.png","","Arabic RTL","connection-restored","Arabic","Restored","Screen reference","TBD after editable reconstruction","Arabic RTL","Inventory complete — Figma import blocked by MCP plan limit","Source path: 11-arabic-rtl/11-connection-restored-ar.png; dimensions: 941x1672"
"11-arabic-rtl","11-delete-address-confirm-ar.png","110 — Arabic RTL","02 — Source Screenshots","SRC / 11-delete-address-confirm-ar.png","","Arabic RTL","delete-address-confirm","Arabic","Default","Screen reference","TBD after editable reconstruction","Arabic RTL","Inventory complete — Figma import blocked by MCP plan limit","Source path: 11-arabic-rtl/11-delete-address-confirm-ar.png; dimensions: 941x1672"
"11-arabic-rtl","11-edit-address-ar.png","110 — Arabic RTL","02 — Source Screenshots","SRC / 11-edit-address-ar.png","","Arabic RTL","edit-address","Arabic","Default","Screen reference","TBD after editable reconstruction","Arabic RTL","Inventory complete — Figma import blocked by MCP plan limit","Source path: 11-arabic-rtl/11-edit-address-ar.png; dimensions: 941x1672"
"11-arabic-rtl","11-edit-profile-ar.png","110 — Arabic RTL","02 — Source Screenshots","SRC / 11-edit-profile-ar.png","","Arabic RTL","edit-profile","Arabic","Default","Screen reference","TBD after editable reconstruction","Arabic RTL","Inventory complete — Figma import blocked by MCP plan limit","Source path: 11-arabic-rtl/11-edit-profile-ar.png; dimensions: 941x1672"
"11-arabic-rtl","11-faq-ar.png","110 — Arabic RTL","02 — Source Screenshots","SRC / 11-faq-ar.png","","Arabic RTL","faq","Arabic","Default","Screen reference","TBD after editable reconstruction","Arabic RTL","Inventory complete — Figma import blocked by MCP plan limit","Source path: 11-arabic-rtl/11-faq-ar.png; dimensions: 941x1672"
"11-arabic-rtl","11-help-center-ar.png","110 — Arabic RTL","02 — Source Screenshots","SRC / 11-help-center-ar.png","","Arabic RTL","help-center","Arabic","Default","Screen reference","TBD after editable reconstruction","Arabic RTL","Inventory complete — Figma import blocked by MCP plan limit","Source path: 11-arabic-rtl/11-help-center-ar.png; dimensions: 941x1672"
"11-arabic-rtl","11-home-ar.png","110 — Arabic RTL","02 — Source Screenshots","SRC / 11-home-ar.png","","Arabic RTL","home","Arabic","Default","Screen reference","TBD after editable reconstruction","Arabic RTL","Inventory complete — Figma import blocked by MCP plan limit","Source path: 11-arabic-rtl/11-home-ar.png; dimensions: 941x1672"
"11-arabic-rtl","11-language-selection-ar.png","110 — Arabic RTL","02 — Source Screenshots","SRC / 11-language-selection-ar.png","","Arabic RTL","language-selection","Arabic","Default","Screen reference","TBD after editable reconstruction","Arabic RTL","Inventory complete — Figma import blocked by MCP plan limit","Source path: 11-arabic-rtl/11-language-selection-ar.png; dimensions: 941x1672"
"11-arabic-rtl","11-logout-device-confirm-ar.png","110 — Arabic RTL","02 — Source Screenshots","SRC / 11-logout-device-confirm-ar.png","","Arabic RTL","logout-device-confirm","Arabic","Default","Screen reference","TBD after editable reconstruction","Arabic RTL","Inventory complete — Figma import blocked by MCP plan limit","Source path: 11-arabic-rtl/11-logout-device-confirm-ar.png; dimensions: 941x1672"
"11-arabic-rtl","11-marketing-preferences-ar.png","110 — Arabic RTL","02 — Source Screenshots","SRC / 11-marketing-preferences-ar.png","","Arabic RTL","marketing-preferences","Arabic","Default","Screen reference","TBD after editable reconstruction","Arabic RTL","Inventory complete — Figma import blocked by MCP plan limit","Source path: 11-arabic-rtl/11-marketing-preferences-ar.png; dimensions: 941x1672"
"11-arabic-rtl","11-no-internet-ar.png","110 — Arabic RTL","02 — Source Screenshots","SRC / 11-no-internet-ar.png","","Arabic RTL","no-internet","Arabic","No Internet","Screen state","TBD after editable reconstruction","Arabic RTL","Inventory complete — Figma import blocked by MCP plan limit","Source path: 11-arabic-rtl/11-no-internet-ar.png; dimensions: 941x1672"
"11-arabic-rtl","11-notification-settings-ar.png","110 — Arabic RTL","02 — Source Screenshots","SRC / 11-notification-settings-ar.png","","Arabic RTL","notification-settings","Arabic","Default","Screen reference","TBD after editable reconstruction","Arabic RTL","Inventory complete — Figma import blocked by MCP plan limit","Source path: 11-arabic-rtl/11-notification-settings-ar.png; dimensions: 941x1672"
"11-arabic-rtl","11-order-detail-ar.png","110 — Arabic RTL","02 — Source Screenshots","SRC / 11-order-detail-ar.png","","Arabic RTL","order-detail","Arabic","Default","Screen reference","TBD after editable reconstruction","Arabic RTL","Inventory complete — Figma import blocked by MCP plan limit","Source path: 11-arabic-rtl/11-order-detail-ar.png; dimensions: 941x1672"
"11-arabic-rtl","11-order-not-found-ar.png","110 — Arabic RTL","02 — Source Screenshots","SRC / 11-order-not-found-ar.png","","Arabic RTL","order-not-found","Arabic","Default","Screen reference","TBD after editable reconstruction","Arabic RTL","Inventory complete — Figma import blocked by MCP plan limit","Source path: 11-arabic-rtl/11-order-not-found-ar.png; dimensions: 941x1672"
"11-arabic-rtl","11-order-notification-detail-ar.png","110 — Arabic RTL","02 — Source Screenshots","SRC / 11-order-notification-detail-ar.png","","Arabic RTL","order-notification-detail","Arabic","Default","Screen reference","TBD after editable reconstruction","Arabic RTL","Inventory complete — Figma import blocked by MCP plan limit","Source path: 11-arabic-rtl/11-order-notification-detail-ar.png; dimensions: 941x1672"
"11-arabic-rtl","11-orders-list-ar.png","110 — Arabic RTL","02 — Source Screenshots","SRC / 11-orders-list-ar.png","","Arabic RTL","orders-list","Arabic","Default","Screen reference","TBD after editable reconstruction","Arabic RTL","Inventory complete — Figma import blocked by MCP plan limit","Source path: 11-arabic-rtl/11-orders-list-ar.png; dimensions: 941x1672"
"11-arabic-rtl","11-order-tracking-ar.png","110 — Arabic RTL","02 — Source Screenshots","SRC / 11-order-tracking-ar.png","","Arabic RTL","order-tracking","Arabic","Default","Screen reference","TBD after editable reconstruction","Arabic RTL","Inventory complete — Figma import blocked by MCP plan limit","Source path: 11-arabic-rtl/11-order-tracking-ar.png; dimensions: 941x1672"
"11-arabic-rtl","11-password-changed-success-ar.png","110 — Arabic RTL","02 — Source Screenshots","SRC / 11-password-changed-success-ar.png","","Arabic RTL","password-changed-success","Arabic","Success","Screen state","TBD after editable reconstruction","Arabic RTL","Inventory complete — Figma import blocked by MCP plan limit","Source path: 11-arabic-rtl/11-password-changed-success-ar.png; dimensions: 941x1672"
"11-arabic-rtl","11-payment-method-ar.png","110 — Arabic RTL","02 — Source Screenshots","SRC / 11-payment-method-ar.png","","Arabic RTL","payment-method","Arabic","Default","Screen reference","TBD after editable reconstruction","Arabic RTL","Inventory complete — Figma import blocked by MCP plan limit","Source path: 11-arabic-rtl/11-payment-method-ar.png; dimensions: 941x1672"
"11-arabic-rtl","11-payment-success-ar.png","110 — Arabic RTL","02 — Source Screenshots","SRC / 11-payment-success-ar.png","","Arabic RTL","payment-success","Arabic","Success","Screen state","TBD after editable reconstruction","Arabic RTL","Inventory complete — Figma import blocked by MCP plan limit","Source path: 11-arabic-rtl/11-payment-success-ar.png; dimensions: 941x1672"
"11-arabic-rtl","11-privacy-security-ar.png","110 — Arabic RTL","02 — Source Screenshots","SRC / 11-privacy-security-ar.png","","Arabic RTL","privacy-security","Arabic","Default","Screen reference","TBD after editable reconstruction","Arabic RTL","Inventory complete — Figma import blocked by MCP plan limit","Source path: 11-arabic-rtl/11-privacy-security-ar.png; dimensions: 941x1672"
"11-arabic-rtl","11-product-detail-ar.png","110 — Arabic RTL","02 — Source Screenshots","SRC / 11-product-detail-ar.png","","Arabic RTL","product-detail","Arabic","Default","Screen reference","TBD after editable reconstruction","Arabic RTL","Inventory complete — Figma import blocked by MCP plan limit","Source path: 11-arabic-rtl/11-product-detail-ar.png; dimensions: 941x1672"
"11-arabic-rtl","11-scheduled-maintenance-ar.png","110 — Arabic RTL","02 — Source Screenshots","SRC / 11-scheduled-maintenance-ar.png","","Arabic RTL","scheduled-maintenance","Arabic","Maintenance","Screen state","TBD after editable reconstruction","Arabic RTL","Inventory complete — Figma import blocked by MCP plan limit","Source path: 11-arabic-rtl/11-scheduled-maintenance-ar.png; dimensions: 941x1672"
"11-arabic-rtl","11-search-results-ar.png","110 — Arabic RTL","02 — Source Screenshots","SRC / 11-search-results-ar.png","","Arabic RTL","search-results","Arabic","Default","Screen reference","TBD after editable reconstruction","Arabic RTL","Inventory complete — Figma import blocked by MCP plan limit","Source path: 11-arabic-rtl/11-search-results-ar.png; dimensions: 941x1672"
"11-arabic-rtl","11-session-expired-ar.png","110 — Arabic RTL","02 — Source Screenshots","SRC / 11-session-expired-ar.png","","Arabic RTL","session-expired","Arabic","Default","Screen reference","TBD after editable reconstruction","Arabic RTL","Inventory complete — Figma import blocked by MCP plan limit","Source path: 11-arabic-rtl/11-session-expired-ar.png; dimensions: 941x1672"
"11-arabic-rtl","11-silent-hours-ar.png","110 — Arabic RTL","02 — Source Screenshots","SRC / 11-silent-hours-ar.png","","Arabic RTL","silent-hours","Arabic","Default","Screen reference","TBD after editable reconstruction","Arabic RTL","Inventory complete — Figma import blocked by MCP plan limit","Source path: 11-arabic-rtl/11-silent-hours-ar.png; dimensions: 941x1672"
"11-arabic-rtl","11-slow-connection-ar.png","110 — Arabic RTL","02 — Source Screenshots","SRC / 11-slow-connection-ar.png","","Arabic RTL","slow-connection","Arabic","Slow Connection","Screen reference","TBD after editable reconstruction","Arabic RTL","Inventory complete — Figma import blocked by MCP plan limit","Source path: 11-arabic-rtl/11-slow-connection-ar.png; dimensions: 941x1672"
"11-arabic-rtl","11-splash-loading-ar.png","110 — Arabic RTL","02 — Source Screenshots","SRC / 11-splash-loading-ar.png","","Arabic RTL","splash-loading","Arabic","Loading","Screen state","TBD after editable reconstruction","Arabic RTL","Inventory complete — Figma import blocked by MCP plan limit","Source path: 11-arabic-rtl/11-splash-loading-ar.png; dimensions: 941x1672"
"11-arabic-rtl","11-support-chat-ar.png","110 — Arabic RTL","02 — Source Screenshots","SRC / 11-support-chat-ar.png","","Arabic RTL","support-chat","Arabic","Default","Screen reference","TBD after editable reconstruction","Arabic RTL","Inventory complete — Figma import blocked by MCP plan limit","Source path: 11-arabic-rtl/11-support-chat-ar.png; dimensions: 941x1672"
"11-arabic-rtl","11-support-tickets-ar.png","110 — Arabic RTL","02 — Source Screenshots","SRC / 11-support-tickets-ar.png","","Arabic RTL","support-tickets","Arabic","Default","Screen reference","TBD after editable reconstruction","Arabic RTL","Inventory complete — Figma import blocked by MCP plan limit","Source path: 11-arabic-rtl/11-support-tickets-ar.png; dimensions: 941x1672"
"11-arabic-rtl","11-ticket-closed-ar.png","110 — Arabic RTL","02 — Source Screenshots","SRC / 11-ticket-closed-ar.png","","Arabic RTL","ticket-closed","Arabic","Default","Screen reference","TBD after editable reconstruction","Arabic RTL","Inventory complete — Figma import blocked by MCP plan limit","Source path: 11-arabic-rtl/11-ticket-closed-ar.png; dimensions: 941x1672"
"11-arabic-rtl","11-update-available-ar.png","110 — Arabic RTL","02 — Source Screenshots","SRC / 11-update-available-ar.png","","Arabic RTL","update-available","Arabic","Update","Screen state","TBD after editable reconstruction","Arabic RTL","Inventory complete — Figma import blocked by MCP plan limit","Source path: 11-arabic-rtl/11-update-available-ar.png; dimensions: 941x1672"
"11-arabic-rtl","11-update-required-ar.png","110 — Arabic RTL","02 — Source Screenshots","SRC / 11-update-required-ar.png","","Arabic RTL","update-required","Arabic","Update","Screen state","TBD after editable reconstruction","Arabic RTL","Inventory complete — Figma import blocked by MCP plan limit","Source path: 11-arabic-rtl/11-update-required-ar.png; dimensions: 941x1672"
"11-arabic-rtl","11-wishlist-ar.png","110 — Arabic RTL","02 — Source Screenshots","SRC / 11-wishlist-ar.png","","Arabic RTL","wishlist","Arabic","Default","Screen reference","TBD after editable reconstruction","Arabic RTL","Inventory complete — Figma import blocked by MCP plan limit","Source path: 11-arabic-rtl/11-wishlist-ar.png; dimensions: 941x1672"
"assetsl","12-account-security-icons.png","120 — Assets","02 — Source Screenshots","SRC / 12-account-security-icons.png","","Assets","account-security-icons","Shared","Default","Asset sheet","TBD after editable reconstruction","N/A","Inventory complete — Figma import blocked by MCP plan limit","Source path: assetsl/12-account-security-icons.png; dimensions: 1949x807"
"assetsl","12-account-security-icons-v2.png","120 — Assets","02 — Source Screenshots","SRC / 12-account-security-icons-v2.png","","Assets","account-security-icons-v2","Shared","Default","Asset sheet","TBD after editable reconstruction","N/A","Inventory complete — Figma import blocked by MCP plan limit","Source path: assetsl/12-account-security-icons-v2.png; dimensions: 1949x807"
"assetsl","12-action-icons.png","120 — Assets","02 — Source Screenshots","SRC / 12-action-icons.png","","Assets","action-icons","Shared","Default","Asset sheet","TBD after editable reconstruction","N/A","Inventory complete — Figma import blocked by MCP plan limit","Source path: assetsl/12-action-icons.png; dimensions: 1912x822"
"assetsl","12-action-icons-v2.png","120 — Assets","02 — Source Screenshots","SRC / 12-action-icons-v2.png","","Assets","action-icons-v2","Shared","Default","Asset sheet","TBD after editable reconstruction","N/A","Inventory complete — Figma import blocked by MCP plan limit","Source path: assetsl/12-action-icons-v2.png; dimensions: 1912x822"
"assetsl","12-brand-assets.png","120 — Assets","02 — Source Screenshots","SRC / 12-brand-assets.png","","Assets","brand-assets","Shared","Default","Asset sheet","TBD after editable reconstruction","N/A","Inventory complete — Figma import blocked by MCP plan limit","Source path: assetsl/12-brand-assets.png; dimensions: 2052x766"
"assetsl","12-brand-assets-v2.png","120 — Assets","02 — Source Screenshots","SRC / 12-brand-assets-v2.png","","Assets","brand-assets-v2","Shared","Default","Asset sheet","TBD after editable reconstruction","N/A","Inventory complete — Figma import blocked by MCP plan limit","Source path: assetsl/12-brand-assets-v2.png; dimensions: 2052x766"
"assetsl","12-commerce-icons.png","120 — Assets","02 — Source Screenshots","SRC / 12-commerce-icons.png","","Assets","commerce-icons","Shared","Default","Asset sheet","TBD after editable reconstruction","N/A","Inventory complete — Figma import blocked by MCP plan limit","Source path: assetsl/12-commerce-icons.png; dimensions: 1984x792"
"assetsl","12-commerce-icons-v2.png","120 — Assets","02 — Source Screenshots","SRC / 12-commerce-icons-v2.png","","Assets","commerce-icons-v2","Shared","Default","Asset sheet","TBD after editable reconstruction","N/A","Inventory complete — Figma import blocked by MCP plan limit","Source path: assetsl/12-commerce-icons-v2.png; dimensions: 1984x792"
"assetsl","12-decorative-assets.png","120 — Assets","02 — Source Screenshots","SRC / 12-decorative-assets.png","","Assets","decorative-assets","Shared","Default","Asset sheet","TBD after editable reconstruction","N/A","Inventory complete — Figma import blocked by MCP plan limit","Source path: assetsl/12-decorative-assets.png; dimensions: 3085x510"
"assetsl","12-decorative-assets-v2.png","120 — Assets","02 — Source Screenshots","SRC / 12-decorative-assets-v2.png","","Assets","decorative-assets-v2","Shared","Default","Asset sheet","TBD after editable reconstruction","N/A","Inventory complete — Figma import blocked by MCP plan limit","Source path: assetsl/12-decorative-assets-v2.png; dimensions: 3085x510"
"assetsl","12-design-tokens.png","120 — Assets","02 — Source Screenshots","SRC / 12-design-tokens.png","","Assets","design-tokens","Shared","Default","Asset sheet","TBD after editable reconstruction","N/A","Inventory complete — Figma import blocked by MCP plan limit","Source path: assetsl/12-design-tokens.png; dimensions: 1942x810"
"assetsl","12-design-tokens-v2.png","120 — Assets","02 — Source Screenshots","SRC / 12-design-tokens-v2.png","","Assets","design-tokens-v2","Shared","Default","Asset sheet","TBD after editable reconstruction","N/A","Inventory complete — Figma import blocked by MCP plan limit","Source path: assetsl/12-design-tokens-v2.png; dimensions: 1942x810"
"assetsl","12-navigation-icons.png","120 — Assets","02 — Source Screenshots","SRC / 12-navigation-icons.png","","Assets","navigation-icons","Shared","Default","Asset sheet","TBD after editable reconstruction","N/A","Inventory complete — Figma import blocked by MCP plan limit","Source path: assetsl/12-navigation-icons.png; dimensions: 1862x845"
"assetsl","12-navigation-icons-v2.png","120 — Assets","02 — Source Screenshots","SRC / 12-navigation-icons-v2.png","","Assets","navigation-icons-v2","Shared","Default","Asset sheet","TBD after editable reconstruction","N/A","Inventory complete — Figma import blocked by MCP plan limit","Source path: assetsl/12-navigation-icons-v2.png; dimensions: 1862x845"
"assetsl","12-product-reference-images.png","120 — Assets","02 — Source Screenshots","SRC / 12-product-reference-images.png","","Assets","product-reference-images","Shared","Default","Asset sheet","TBD after editable reconstruction","N/A","Inventory complete — Figma import blocked by MCP plan limit","Source path: assetsl/12-product-reference-images.png; dimensions: 2940x535"
"assetsl","12-state-illustrations.png","120 — Assets","02 — Source Screenshots","SRC / 12-state-illustrations.png","","Assets","state-illustrations","Shared","Default","Asset sheet","TBD after editable reconstruction","N/A","Inventory complete — Figma import blocked by MCP plan limit","Source path: assetsl/12-state-illustrations.png; dimensions: 3002x524"
"assetsl","12-state-illustrations-v2.png","120 — Assets","02 — Source Screenshots","SRC / 12-state-illustrations-v2.png","","Assets","state-illustrations-v2","Shared","Default","Asset sheet","TBD after editable reconstruction","N/A","Inventory complete — Figma import blocked by MCP plan limit","Source path: assetsl/12-state-illustrations-v2.png; dimensions: 3002x524"
"assetsl","12-status-badges.png","120 — Assets","02 — Source Screenshots","SRC / 12-status-badges.png","","Assets","status-badges","Shared","Default","Asset sheet","TBD after editable reconstruction","N/A","Inventory complete — Figma import blocked by MCP plan limit","Source path: assetsl/12-status-badges.png; dimensions: 2624x599"
"assetsl","12-status-badges-v2.png","120 — Assets","02 — Source Screenshots","SRC / 12-status-badges-v2.png","","Assets","status-badges-v2","Shared","Default","Asset sheet","TBD after editable reconstruction","N/A","Inventory complete — Figma import blocked by MCP plan limit","Source path: assetsl/12-status-badges-v2.png; dimensions: 2624x599"
"assetsl","12-support-system-icons.png","120 — Assets","02 — Source Screenshots","SRC / 12-support-system-icons.png","","Assets","support-system-icons","Shared","Default","Asset sheet","TBD after editable reconstruction","N/A","Inventory complete — Figma import blocked by MCP plan limit","Source path: assetsl/12-support-system-icons.png; dimensions: 2277x690"
"assetsl","12-support-system-icons-v2.png","120 — Assets","02 — Source Screenshots","SRC / 12-support-system-icons-v2.png","","Assets","support-system-icons-v2","Shared","Default","Asset sheet","TBD after editable reconstruction","N/A","Inventory complete — Figma import blocked by MCP plan limit","Source path: assetsl/12-support-system-icons-v2.png; dimensions: 2277x690"
